timestamp,container_id,name,cpu_perc,mem_usage,mem_perc,net_io,block_io,pids
1755872260.982660009,87ffcb507c59,multi-proxy0,1.14%,52.72MiB / 31.15GiB,0.17%,147kB / 152kB,1.84MB / 0B,17
1755872260.982660009,4ab2f4d499aa,multi-proxy1,1.28%,50.3MiB / 31.15GiB,0.16%,146kB / 152kB,406kB / 0B,17
1755872260.982660009,f8cd685deea1,multi-proxy2,1.21%,50.02MiB / 31.15GiB,0.16%,145kB / 151kB,73.7kB / 0B,17
1755872264.512614238,87ffcb507c59,multi-proxy0,4.58%,54.12MiB / 31.15GiB,0.17%,398kB / 159kB,1.84MB / 0B,20
1755872264.512614238,4ab2f4d499aa,multi-proxy1,1.44%,50.37MiB / 31.15GiB,0.16%,178kB / 159kB,406kB / 0B,17
1755872264.512614238,f8cd685deea1,multi-proxy2,4.57%,51.21MiB / 31.15GiB,0.16%,341kB / 157kB,73.7kB / 0B,20
1755872268.043034990,87ffcb507c59,multi-proxy0,4.84%,57.42MiB / 31.15GiB,0.18%,670kB / 162kB,1.84MB / 0B,43
1755872268.043034990,4ab2f4d499aa,multi-proxy1,1.43%,50.37MiB / 31.15GiB,0.16%,205kB / 162kB,406kB / 0B,17
1755872268.043034990,f8cd685deea1,multi-proxy2,9.04%,57.45MiB / 31.15GiB,0.18%,1.03MB / 165kB,73.7kB / 0B,43
1755872271.574232055,87ffcb507c59,multi-proxy0,14.32%,71.85MiB / 31.15GiB,0.23%,2.3MB / 181kB,1.84MB / 0B,46
1755872271.574232055,4ab2f4d499aa,multi-proxy1,1.40%,50.37MiB / 31.15GiB,0.16%,238kB / 166kB,406kB / 0B,17
1755872271.574232055,f8cd685deea1,multi-proxy2,20.59%,66.3MiB / 31.15GiB,0.21%,1.89MB / 171kB,73.7kB / 0B,46
1755872275.117838918,87ffcb507c59,multi-proxy0,24.85%,80.71MiB / 31.15GiB,0.25%,3.66MB / 208kB,1.84MB / 0B,46
1755872275.117838918,4ab2f4d499aa,multi-proxy1,1.39%,50.39MiB / 31.15GiB,0.16%,277kB / 170kB,406kB / 0B,17
1755872275.117838918,f8cd685deea1,multi-proxy2,24.55%,75.11MiB / 31.15GiB,0.24%,3.05MB / 178kB,73.7kB / 0B,46
1755872278.656896725,87ffcb507c59,multi-proxy0,29.95%,83.69MiB / 31.15GiB,0.26%,4.97MB / 230kB,1.84MB / 0B,46
1755872278.656896725,4ab2f4d499aa,multi-proxy1,1.43%,50.41MiB / 31.15GiB,0.16%,312kB / 173kB,406kB / 0B,17
1755872278.656896725,f8cd685deea1,multi-proxy2,37.25%,80.89MiB / 31.15GiB,0.25%,4MB / 186kB,73.7kB / 0B,46
1755872282.189862081,87ffcb507c59,multi-proxy0,26.88%,86.6MiB / 31.15GiB,0.27%,5.73MB / 242kB,1.84MB / 0B,46
1755872282.189862081,4ab2f4d499aa,multi-proxy1,1.54%,50.42MiB / 31.15GiB,0.16%,345kB / 177kB,406kB / 0B,17
1755872282.189862081,f8cd685deea1,multi-proxy2,42.46%,84.48MiB / 31.15GiB,0.26%,5.17MB / 194kB,73.7kB / 0B,46
1755872285.721594209,87ffcb507c59,multi-proxy0,32.02%,90.95MiB / 31.15GiB,0.29%,6.93MB / 267kB,1.84MB / 0B,46
1755872285.721594209,4ab2f4d499aa,multi-proxy1,1.51%,50.43MiB / 31.15GiB,0.16%,383kB / 180kB,406kB / 0B,17
1755872285.721594209,f8cd685deea1,multi-proxy2,52.45%,90.02MiB / 31.15GiB,0.28%,6.52MB / 203kB,73.7kB / 0B,46
1755872289.253311518,87ffcb507c59,multi-proxy0,38.40%,96.32MiB / 31.15GiB,0.30%,8.57MB / 293kB,1.84MB / 0B,46
1755872289.253311518,4ab2f4d499aa,multi-proxy1,13.01%,62.99MiB / 31.15GiB,0.20%,1.33MB / 187kB,406kB / 0B,43
1755872289.253311518,f8cd685deea1,multi-proxy2,78.76%,92.33MiB / 31.15GiB,0.29%,7.32MB / 208kB,73.7kB / 0B,46
1755872292.786925244,87ffcb507c59,multi-proxy0,36.74%,100.9MiB / 31.15GiB,0.32%,9.73MB / 313kB,1.84MB / 0B,46
1755872292.786925244,4ab2f4d499aa,multi-proxy1,33.27%,75.07MiB / 31.15GiB,0.24%,2.35MB / 198kB,406kB / 0B,46
1755872292.786925244,f8cd685deea1,multi-proxy2,67.41%,96.79MiB / 31.15GiB,0.30%,8.48MB / 216kB,73.7kB / 0B,46
1755872296.325552510,87ffcb507c59,multi-proxy0,44.12%,104.2MiB / 31.15GiB,0.33%,10.6MB / 335kB,1.84MB / 0B,46
1755872296.325552510,4ab2f4d499aa,multi-proxy1,49.63%,81.91MiB / 31.15GiB,0.26%,3.38MB / 211kB,406kB / 0B,46
1755872296.325552510,f8cd685deea1,multi-proxy2,76.41%,103.7MiB / 31.15GiB,0.33%,9.69MB / 224kB,73.7kB / 0B,46
1755872299.870337073,87ffcb507c59,multi-proxy0,38.93%,108MiB / 31.15GiB,0.34%,11.8MB / 352kB,1.84MB / 0B,46
1755872299.870337073,4ab2f4d499aa,multi-proxy1,41.75%,84.61MiB / 31.15GiB,0.27%,3.92MB / 218kB,406kB / 0B,46
1755872299.870337073,f8cd685deea1,multi-proxy2,75.07%,111.3MiB / 31.15GiB,0.35%,11.2MB / 234kB,73.7kB / 0B,46
1755872303.415096855,87ffcb507c59,multi-proxy0,46.23%,109.3MiB / 31.15GiB,0.34%,12.9MB / 376kB,1.84MB / 0B,46
1755872303.415096855,4ab2f4d499aa,multi-proxy1,44.10%,91.31MiB / 31.15GiB,0.29%,5.25MB / 233kB,406kB / 0B,46
1755872303.415096855,f8cd685deea1,multi-proxy2,81.96%,113.6MiB / 31.15GiB,0.36%,12.2MB / 242kB,73.7kB / 0B,46
1755872306.957251839,87ffcb507c59,multi-proxy0,47.44%,112.8MiB / 31.15GiB,0.35%,13.8MB / 389kB,1.84MB / 0B,46
1755872306.957251839,4ab2f4d499aa,multi-proxy1,52.74%,95.93MiB / 31.15GiB,0.30%,6.06MB / 244kB,406kB / 0B,46
1755872306.957251839,f8cd685deea1,multi-proxy2,79.23%,122.8MiB / 31.15GiB,0.38%,13.5MB / 251kB,73.7kB / 0B,46
1755872310.492907300,87ffcb507c59,multi-proxy0,47.20%,116.5MiB / 31.15GiB,0.37%,15.1MB / 408kB,1.84MB / 0B,46
1755872310.492907300,4ab2f4d499aa,multi-proxy1,50.54%,102.6MiB / 31.15GiB,0.32%,7.41MB / 259kB,406kB / 0B,46
1755872310.492907300,f8cd685deea1,multi-proxy2,83.40%,120MiB / 31.15GiB,0.38%,14.5MB / 256kB,73.7kB / 0B,46
1755872314.029028850,87ffcb507c59,multi-proxy0,48.37%,120.5MiB / 31.15GiB,0.38%,16.2MB / 424kB,1.84MB / 0B,46
1755872314.029028850,4ab2f4d499aa,multi-proxy1,56.48%,108.4MiB / 31.15GiB,0.34%,8.48MB / 271kB,406kB / 0B,46
1755872314.029028850,f8cd685deea1,multi-proxy2,74.20%,130MiB / 31.15GiB,0.41%,15.6MB / 263kB,73.7kB / 0B,46
1755872317.566393299,87ffcb507c59,multi-proxy0,51.28%,123.5MiB / 31.15GiB,0.39%,16.8MB / 437kB,1.84MB / 0B,46
1755872317.566393299,4ab2f4d499aa,multi-proxy1,83.20%,111.7MiB / 31.15GiB,0.35%,9.53MB / 285kB,406kB / 0B,46
1755872317.566393299,f8cd685deea1,multi-proxy2,79.96%,135.3MiB / 31.15GiB,0.42%,17.1MB / 273kB,73.7kB / 0B,46
1755872321.099756037,87ffcb507c59,multi-proxy0,49.88%,126.8MiB / 31.15GiB,0.40%,17.9MB / 452kB,1.84MB / 0B,46
1755872321.099756037,4ab2f4d499aa,multi-proxy1,70.89%,116.2MiB / 31.15GiB,0.36%,10.6MB / 296kB,406kB / 0B,46
1755872321.099756037,f8cd685deea1,multi-proxy2,90.21%,143.4MiB / 31.15GiB,0.45%,18.7MB / 281kB,73.7kB / 0B,46
1755872324.633308915,87ffcb507c59,multi-proxy0,42.19%,134.5MiB / 31.15GiB,0.42%,19.1MB / 473kB,1.84MB / 0B,46
1755872324.633308915,4ab2f4d499aa,multi-proxy1,79.28%,120MiB / 31.15GiB,0.38%,11.3MB / 307kB,406kB / 0B,46
1755872324.633308915,f8cd685deea1,multi-proxy2,88.30%,150.6MiB / 31.15GiB,0.47%,20.1MB / 288kB,73.7kB / 0B,46
1755872328.176228666,87ffcb507c59,multi-proxy0,57.81%,138.7MiB / 31.15GiB,0.43%,20.2MB / 492kB,1.84MB / 0B,46
1755872328.176228666,4ab2f4d499aa,multi-proxy1,78.18%,126.4MiB / 31.15GiB,0.40%,12.6MB / 320kB,406kB / 0B,46
1755872328.176228666,f8cd685deea1,multi-proxy2,84.18%,154.7MiB / 31.15GiB,0.49%,21.2MB / 293kB,73.7kB / 0B,46
1755872331.716448341,87ffcb507c59,multi-proxy0,55.11%,139.4MiB / 31.15GiB,0.44%,20.8MB / 501kB,1.84MB / 0B,46
1755872331.716448341,4ab2f4d499aa,multi-proxy1,83.43%,128.8MiB / 31.15GiB,0.40%,13.4MB / 330kB,406kB / 0B,46
1755872331.716448341,f8cd685deea1,multi-proxy2,92.93%,168.5MiB / 31.15GiB,0.53%,23.1MB / 302kB,73.7kB / 0B,46
1755872334.245007100,87ffcb507c59,multi-proxy0,57.72%,142.3MiB / 31.15GiB,0.45%,21.8MB / 521kB,1.84MB / 0B,46
1755872334.245007100,4ab2f4d499aa,multi-proxy1,113.65%,142.6MiB / 31.15GiB,0.45%,14.5MB / 342kB,406kB / 0B,49
1755872334.245007100,f8cd685deea1,multi-proxy2,90.68%,170.2MiB / 31.15GiB,0.53%,24.6MB / 308kB,73.7kB / 0B,46
1755872337.776265150,87ffcb507c59,multi-proxy0,58.48%,148.4MiB / 31.15GiB,0.47%,22.8MB / 537kB,1.84MB / 0B,46
1755872337.776265150,4ab2f4d499aa,multi-proxy1,88.55%,143.1MiB / 31.15GiB,0.45%,15.6MB / 355kB,406kB / 0B,49
1755872337.776265150,f8cd685deea1,multi-proxy2,93.83%,180.7MiB / 31.15GiB,0.57%,26.8MB / 381kB,73.7kB / 0B,49
1755872341.309832606,87ffcb507c59,multi-proxy0,52.45%,147.1MiB / 31.15GiB,0.46%,23.7MB / 552kB,1.84MB / 0B,46
1755872341.309832606,4ab2f4d499aa,multi-proxy1,85.98%,146MiB / 31.15GiB,0.46%,16.6MB / 368kB,406kB / 0B,49
1755872341.309832606,f8cd685deea1,multi-proxy2,102.77%,181.1MiB / 31.15GiB,0.57%,28.8MB / 388kB,73.7kB / 0B,49
1755872344.843487243,87ffcb507c59,multi-proxy0,52.57%,154.8MiB / 31.15GiB,0.49%,24.7MB / 568kB,1.84MB / 0B,46
1755872344.843487243,4ab2f4d499aa,multi-proxy1,82.29%,147.5MiB / 31.15GiB,0.46%,17.1MB / 375kB,406kB / 0B,49
1755872344.843487243,f8cd685deea1,multi-proxy2,97.27%,194.4MiB / 31.15GiB,0.61%,31MB / 397kB,73.7kB / 0B,49
1755872347.384356702,87ffcb507c59,multi-proxy0,60.46%,156.3MiB / 31.15GiB,0.49%,25.5MB / 582kB,1.84MB / 0B,46
1755872347.384356702,4ab2f4d499aa,multi-proxy1,96.24%,147MiB / 31.15GiB,0.46%,18.2MB / 387kB,406kB / 0B,49
1755872347.384356702,f8cd685deea1,multi-proxy2,109.91%,194.2MiB / 31.15GiB,0.61%,33.2MB / 405kB,73.7kB / 0B,49
1755872350.922135800,87ffcb507c59,multi-proxy0,53.20%,156.6MiB / 31.15GiB,0.49%,26.4MB / 598kB,1.84MB / 0B,46
1755872350.922135800,4ab2f4d499aa,multi-proxy1,96.38%,155.4MiB / 31.15GiB,0.49%,19.3MB / 400kB,406kB / 0B,49
1755872350.922135800,f8cd685deea1,multi-proxy2,112.81%,206.8MiB / 31.15GiB,0.65%,34.9MB / 410kB,73.7kB / 0B,49
1755872354.452178140,87ffcb507c59,multi-proxy0,54.12%,157.7MiB / 31.15GiB,0.49%,27.7MB / 618kB,1.84MB / 0B,46
1755872354.452178140,4ab2f4d499aa,multi-proxy1,92.79%,160.3MiB / 31.15GiB,0.50%,20.1MB / 411kB,406kB / 0B,49
1755872354.452178140,f8cd685deea1,multi-proxy2,110.23%,206.1MiB / 31.15GiB,0.65%,36.9MB / 417kB,73.7kB / 0B,49
1755872357.985872405,87ffcb507c59,multi-proxy0,60.46%,163.2MiB / 31.15GiB,0.51%,28.8MB / 638kB,1.84MB / 0B,46
1755872357.985872405,4ab2f4d499aa,multi-proxy1,102.55%,165.1MiB / 31.15GiB,0.52%,21.4MB / 425kB,406kB / 0B,49
1755872357.985872405,f8cd685deea1,multi-proxy2,119.35%,210.7MiB / 31.15GiB,0.66%,38.6MB / 424kB,73.7kB / 0B,49
1755872361.525429563,87ffcb507c59,multi-proxy0,64.65%,171.1MiB / 31.15GiB,0.54%,29.7MB / 651kB,1.84MB / 0B,46
1755872361.525429563,4ab2f4d499aa,multi-proxy1,95.83%,171.4MiB / 31.15GiB,0.54%,22.4MB / 437kB,406kB / 0B,49
1755872361.525429563,f8cd685deea1,multi-proxy2,111.62%,219MiB / 31.15GiB,0.69%,40.8MB / 433kB,73.7kB / 0B,49
1755872365.058042694,87ffcb507c59,multi-proxy0,63.18%,171.9MiB / 31.15GiB,0.54%,31MB / 673kB,1.84MB / 0B,46
1755872365.058042694,4ab2f4d499aa,multi-proxy1,108.12%,173.9MiB / 31.15GiB,0.55%,23.1MB / 449kB,406kB / 0B,49
1755872365.058042694,f8cd685deea1,multi-proxy2,115.68%,223.4MiB / 31.15GiB,0.70%,42.5MB / 442kB,73.7kB / 0B,49
1755872368.603480847,87ffcb507c59,multi-proxy0,54.31%,173.4MiB / 31.15GiB,0.54%,32.2MB / 689kB,1.84MB / 0B,46
1755872368.603480847,4ab2f4d499aa,multi-proxy1,103.26%,171.5MiB / 31.15GiB,0.54%,24MB / 461kB,406kB / 0B,49
1755872368.603480847,f8cd685deea1,multi-proxy2,113.25%,227.4MiB / 31.15GiB,0.71%,44MB / 449kB,73.7kB / 0B,49
1755872372.135073226,87ffcb507c59,multi-proxy0,63.73%,176.2MiB / 31.15GiB,0.55%,33.3MB / 708kB,1.84MB / 0B,46
1755872372.135073226,4ab2f4d499aa,multi-proxy1,110.21%,175.8MiB / 31.15GiB,0.55%,25MB / 473kB,406kB / 0B,49
1755872372.135073226,f8cd685deea1,multi-proxy2,125.20%,234MiB / 31.15GiB,0.73%,45.5MB / 456kB,73.7kB / 0B,49
1755872375.667942977,87ffcb507c59,multi-proxy0,63.48%,180.2MiB / 31.15GiB,0.56%,34.4MB / 725kB,1.84MB / 0B,46
1755872375.667942977,4ab2f4d499aa,multi-proxy1,103.78%,179.7MiB / 31.15GiB,0.56%,26.2MB / 489kB,406kB / 0B,49
1755872375.667942977,f8cd685deea1,multi-proxy2,132.55%,239.1MiB / 31.15GiB,0.75%,46.8MB / 461kB,73.7kB / 0B,49
1755872379.212398486,87ffcb507c59,multi-proxy0,68.18%,186MiB / 31.15GiB,0.58%,35.6MB / 747kB,1.84MB / 0B,46
1755872379.212398486,4ab2f4d499aa,multi-proxy1,119.70%,187.6MiB / 31.15GiB,0.59%,27.2MB / 503kB,406kB / 0B,49
1755872379.212398486,f8cd685deea1,multi-proxy2,112.17%,242.4MiB / 31.15GiB,0.76%,48.4MB / 468kB,73.7kB / 0B,49
1755872382.745205661,87ffcb507c59,multi-proxy0,59.64%,190.8MiB / 31.15GiB,0.60%,36.8MB / 765kB,1.84MB / 0B,46
1755872382.745205661,4ab2f4d499aa,multi-proxy1,108.31%,193.1MiB / 31.15GiB,0.61%,28.2MB / 517kB,406kB / 0B,49
1755872382.745205661,f8cd685deea1,multi-proxy2,121.14%,246.4MiB / 31.15GiB,0.77%,50MB / 475kB,73.7kB / 0B,49
1755872386.281253795,87ffcb507c59,multi-proxy0,66.73%,196.7MiB / 31.15GiB,0.62%,38MB / 788kB,1.84MB / 0B,46
1755872386.281253795,4ab2f4d499aa,multi-proxy1,123.49%,195.5MiB / 31.15GiB,0.61%,29.2MB / 534kB,406kB / 0B,49
1755872386.281253795,f8cd685deea1,multi-proxy2,123.13%,253.4MiB / 31.15GiB,0.79%,51.4MB / 482kB,73.7kB / 0B,49
1755872389.815451353,87ffcb507c59,multi-proxy0,68.10%,195.3MiB / 31.15GiB,0.61%,39.2MB / 803kB,1.84MB / 0B,46
1755872389.815451353,4ab2f4d499aa,multi-proxy1,138.19%,207MiB / 31.15GiB,0.65%,30.2MB / 548kB,406kB / 0B,49
1755872389.815451353,f8cd685deea1,multi-proxy2,139.43%,267.6MiB / 31.15GiB,0.84%,53.1MB / 489kB,73.7kB / 0B,49
1755872393.349052304,87ffcb507c59,multi-proxy0,65.72%,200.4MiB / 31.15GiB,0.63%,39.9MB / 817kB,1.84MB / 0B,46
1755872393.349052304,4ab2f4d499aa,multi-proxy1,118.80%,208.5MiB / 31.15GiB,0.65%,30.9MB / 556kB,406kB / 0B,49
1755872393.349052304,f8cd685deea1,multi-proxy2,139.52%,265.7MiB / 31.15GiB,0.83%,54.7MB / 496kB,73.7kB / 0B,49
1755872395.883894967,87ffcb507c59,multi-proxy0,60.88%,203.6MiB / 31.15GiB,0.64%,40.7MB / 827kB,1.84MB / 0B,46
1755872395.883894967,4ab2f4d499aa,multi-proxy1,119.07%,204.9MiB / 31.15GiB,0.64%,31.7MB / 569kB,406kB / 0B,49
1755872395.883894967,f8cd685deea1,multi-proxy2,128.91%,268.6MiB / 31.15GiB,0.84%,55.9MB / 501kB,73.7kB / 0B,49
1755872399.435157095,87ffcb507c59,multi-proxy0,68.11%,207.5MiB / 31.15GiB,0.65%,42MB / 848kB,1.84MB / 0B,46
1755872399.435157095,4ab2f4d499aa,multi-proxy1,131.10%,209.1MiB / 31.15GiB,0.66%,32.6MB / 582kB,406kB / 0B,49
1755872399.435157095,f8cd685deea1,multi-proxy2,142.94%,287.8MiB / 31.15GiB,0.90%,57.9MB / 508kB,73.7kB / 0B,49
1755872402.971168797,87ffcb507c59,multi-proxy0,65.74%,211.7MiB / 31.15GiB,0.66%,43.3MB / 863kB,1.84MB / 0B,46
1755872402.971168797,4ab2f4d499aa,multi-proxy1,115.99%,212MiB / 31.15GiB,0.66%,33.3MB / 589kB,406kB / 0B,49
1755872402.971168797,f8cd685deea1,multi-proxy2,143.78%,287.5MiB / 31.15GiB,0.90%,60.3MB / 519kB,73.7kB / 0B,49
1755872406.518361741,87ffcb507c59,multi-proxy0,67.69%,220.2MiB / 31.15GiB,0.69%,44.6MB / 884kB,1.84MB / 0B,46
1755872406.518361741,4ab2f4d499aa,multi-proxy1,122.66%,214.9MiB / 31.15GiB,0.67%,34.3MB / 603kB,406kB / 0B,49
1755872406.518361741,f8cd685deea1,multi-proxy2,157.06%,294.6MiB / 31.15GiB,0.92%,61.7MB / 524kB,73.7kB / 0B,49
1755872409.050954271,87ffcb507c59,multi-proxy0,67.86%,224MiB / 31.15GiB,0.70%,46MB / 900kB,1.84MB / 0B,46
1755872409.050954271,4ab2f4d499aa,multi-proxy1,127.69%,221MiB / 31.15GiB,0.69%,35.2MB / 615kB,406kB / 0B,49
1755872409.050954271,f8cd685deea1,multi-proxy2,130.63%,309.3MiB / 31.15GiB,0.97%,62.5MB / 528kB,73.7kB / 0B,49
1755872412.584738577,87ffcb507c59,multi-proxy0,69.29%,222.8MiB / 31.15GiB,0.70%,46.7MB / 915kB,1.84MB / 0B,46
1755872412.584738577,4ab2f4d499aa,multi-proxy1,122.12%,224.5MiB / 31.15GiB,0.70%,36.1MB / 626kB,406kB / 0B,49
1755872412.584738577,f8cd685deea1,multi-proxy2,158.94%,304.1MiB / 31.15GiB,0.95%,64MB / 537kB,73.7kB / 0B,49
1755872416.118828121,87ffcb507c59,multi-proxy0,67.15%,226.8MiB / 31.15GiB,0.71%,48MB / 929kB,1.84MB / 0B,46
1755872416.118828121,4ab2f4d499aa,multi-proxy1,129.35%,236.1MiB / 31.15GiB,0.74%,37MB / 636kB,406kB / 0B,49
1755872416.118828121,f8cd685deea1,multi-proxy2,141.92%,306.7MiB / 31.15GiB,0.96%,65MB / 544kB,73.7kB / 0B,49
1755872419.656829228,87ffcb507c59,multi-proxy0,69.90%,232MiB / 31.15GiB,0.73%,49.5MB / 948kB,1.84MB / 0B,46
1755872419.656829228,4ab2f4d499aa,multi-proxy1,128.57%,231.8MiB / 31.15GiB,0.73%,37.7MB / 647kB,406kB / 0B,49
1755872419.656829228,f8cd685deea1,multi-proxy2,143.49%,308.3MiB / 31.15GiB,0.97%,65.8MB / 549kB,73.7kB / 0B,49
1755872423.191082903,87ffcb507c59,multi-proxy0,73.94%,236MiB / 31.15GiB,0.74%,50.7MB / 967kB,1.84MB / 0B,46
1755872423.191082903,4ab2f4d499aa,multi-proxy1,123.76%,242MiB / 31.15GiB,0.76%,38.4MB / 656kB,406kB / 0B,49
1755872423.191082903,f8cd685deea1,multi-proxy2,149.26%,311.9MiB / 31.15GiB,0.98%,67MB / 556kB,73.7kB / 0B,49
1755872426.729120925,87ffcb507c59,multi-proxy0,64.65%,239.2MiB / 31.15GiB,0.75%,51.6MB / 977kB,1.84MB / 0B,46
1755872426.729120925,4ab2f4d499aa,multi-proxy1,118.98%,236MiB / 31.15GiB,0.74%,39.1MB / 666kB,406kB / 0B,49
1755872426.729120925,f8cd685deea1,multi-proxy2,149.91%,329.3MiB / 31.15GiB,1.03%,67.9MB / 566kB,73.7kB / 0B,49
1755872430.262183002,87ffcb507c59,multi-proxy0,64.36%,256.3MiB / 31.15GiB,0.80%,52.9MB / 994kB,1.84MB / 0B,46
1755872430.262183002,4ab2f4d499aa,multi-proxy1,133.57%,237.2MiB / 31.15GiB,0.74%,39.6MB / 672kB,406kB / 0B,49
1755872430.262183002,f8cd685deea1,multi-proxy2,147.82%,331.6MiB / 31.15GiB,1.04%,68.5MB / 570kB,73.7kB / 0B,49
1755872433.799717459,87ffcb507c59,multi-proxy0,73.29%,251.3MiB / 31.15GiB,0.79%,53.8MB / 1.01MB,1.84MB / 0B,46
1755872433.799717459,4ab2f4d499aa,multi-proxy1,146.66%,242.6MiB / 31.15GiB,0.76%,40.6MB / 684kB,406kB / 0B,49
1755872433.799717459,f8cd685deea1,multi-proxy2,145.65%,322.8MiB / 31.15GiB,1.01%,69.4MB / 577kB,73.7kB / 0B,49
1755872437.332944120,87ffcb507c59,multi-proxy0,80.61%,250.4MiB / 31.15GiB,0.78%,55.3MB / 1.04MB,1.84MB / 0B,46
1755872437.332944120,4ab2f4d499aa,multi-proxy1,123.73%,249.4MiB / 31.15GiB,0.78%,41.4MB / 694kB,406kB / 0B,49
1755872437.332944120,f8cd685deea1,multi-proxy2,145.23%,326.2MiB / 31.15GiB,1.02%,70.3MB / 583kB,73.7kB / 0B,49
1755872440.878684847,87ffcb507c59,multi-proxy0,72.26%,254.9MiB / 31.15GiB,0.80%,56.4MB / 1.05MB,1.84MB / 0B,46
1755872440.878684847,4ab2f4d499aa,multi-proxy1,130.75%,251.7MiB / 31.15GiB,0.79%,42.2MB / 704kB,406kB / 0B,50
1755872440.878684847,f8cd685deea1,multi-proxy2,161.56%,333.1MiB / 31.15GiB,1.04%,71.6MB / 590kB,73.7kB / 0B,49
1755872444.420030750,87ffcb507c59,multi-proxy0,68.87%,256.4MiB / 31.15GiB,0.80%,57.2MB / 1.06MB,1.84MB / 0B,46
1755872444.420030750,4ab2f4d499aa,multi-proxy1,142.04%,255.3MiB / 31.15GiB,0.80%,43MB / 713kB,406kB / 0B,50
1755872444.420030750,f8cd685deea1,multi-proxy2,162.63%,350.6MiB / 31.15GiB,1.10%,73.1MB / 597kB,73.7kB / 0B,49
1755872447.953948874,87ffcb507c59,multi-proxy0,76.19%,257.3MiB / 31.15GiB,0.81%,58.4MB / 1.08MB,1.84MB / 0B,46
1755872447.953948874,4ab2f4d499aa,multi-proxy1,121.75%,256.7MiB / 31.15GiB,0.80%,43.6MB / 719kB,406kB / 0B,50
1755872447.953948874,f8cd685deea1,multi-proxy2,159.21%,343.7MiB / 31.15GiB,1.08%,74.8MB / 605kB,73.7kB / 0B,49
1755872451.491572286,87ffcb507c59,multi-proxy0,78.64%,262.2MiB / 31.15GiB,0.82%,59.4MB / 1.1MB,1.84MB / 0B,46
1755872451.491572286,4ab2f4d499aa,multi-proxy1,129.79%,261MiB / 31.15GiB,0.82%,44.5MB / 732kB,406kB / 0B,50
1755872451.491572286,f8cd685deea1,multi-proxy2,162.00%,363.7MiB / 31.15GiB,1.14%,76.2MB / 611kB,73.7kB / 0B,49
1755872455.031894495,87ffcb507c59,multi-proxy0,78.68%,265.9MiB / 31.15GiB,0.83%,60.9MB / 1.12MB,1.84MB / 0B,46
1755872455.031894495,4ab2f4d499aa,multi-proxy1,126.30%,263.5MiB / 31.15GiB,0.83%,45.2MB / 742kB,406kB / 0B,50
1755872455.031894495,f8cd685deea1,multi-proxy2,154.85%,368.1MiB / 31.15GiB,1.15%,77.7MB / 618kB,73.7kB / 0B,49
1755872458.567696781,87ffcb507c59,multi-proxy0,84.04%,265.6MiB / 31.15GiB,0.83%,61.6MB / 1.13MB,1.84MB / 0B,46
1755872458.567696781,4ab2f4d499aa,multi-proxy1,155.49%,266.3MiB / 31.15GiB,0.83%,45.8MB / 751kB,406kB / 0B,50
1755872458.567696781,f8cd685deea1,multi-proxy2,156.78%,362.9MiB / 31.15GiB,1.14%,79.4MB / 626kB,73.7kB / 0B,49
1755872462.102345941,87ffcb507c59,multi-proxy0,83.42%,285MiB / 31.15GiB,0.89%,62.9MB / 1.15MB,1.84MB / 0B,46
1755872462.102345941,4ab2f4d499aa,multi-proxy1,127.87%,267.9MiB / 31.15GiB,0.84%,46.3MB / 757kB,406kB / 0B,50
1755872462.102345941,f8cd685deea1,multi-proxy2,161.23%,379.6MiB / 31.15GiB,1.19%,80.3MB / 631kB,73.7kB / 0B,49
1755872464.635593583,87ffcb507c59,multi-proxy0,76.76%,275.5MiB / 31.15GiB,0.86%,64.1MB / 1.17MB,1.84MB / 0B,46
1755872464.635593583,4ab2f4d499aa,multi-proxy1,122.00%,270.6MiB / 31.15GiB,0.85%,46.9MB / 766kB,406kB / 0B,50
1755872464.635593583,f8cd685deea1,multi-proxy2,165.71%,384.7MiB / 31.15GiB,1.21%,81.4MB / 636kB,73.7kB / 0B,49
1755872468.170557686,87ffcb507c59,multi-proxy0,90.21%,278.1MiB / 31.15GiB,0.87%,65MB / 1.18MB,1.84MB / 0B,46
1755872468.170557686,4ab2f4d499aa,multi-proxy1,136.56%,272.7MiB / 31.15GiB,0.85%,47.5MB / 772kB,406kB / 0B,50
1755872468.170557686,f8cd685deea1,multi-proxy2,162.85%,378.3MiB / 31.15GiB,1.19%,83.2MB / 645kB,73.7kB / 0B,49
1755872471.707411199,87ffcb507c59,multi-proxy0,75.43%,280.4MiB / 31.15GiB,0.88%,66.3MB / 1.21MB,1.84MB / 0B,46
1755872471.707411199,4ab2f4d499aa,multi-proxy1,132.35%,279MiB / 31.15GiB,0.87%,48.4MB / 786kB,406kB / 0B,50
1755872471.707411199,f8cd685deea1,multi-proxy2,167.23%,397.2MiB / 31.15GiB,1.25%,84.4MB / 650kB,73.7kB / 0B,49
1755872475.243811425,87ffcb507c59,multi-proxy0,89.28%,286MiB / 31.15GiB,0.90%,67.2MB / 1.22MB,1.84MB / 0B,46
1755872475.243811425,4ab2f4d499aa,multi-proxy1,150.34%,283.4MiB / 31.15GiB,0.89%,49.5MB / 797kB,406kB / 0B,50
1755872475.243811425,f8cd685deea1,multi-proxy2,179.13%,390.3MiB / 31.15GiB,1.22%,86.5MB / 659kB,73.7kB / 0B,49
1755872478.780257015,87ffcb507c59,multi-proxy0,87.08%,290.6MiB / 31.15GiB,0.91%,68.7MB / 1.24MB,1.84MB / 0B,46
1755872478.780257015,4ab2f4d499aa,multi-proxy1,140.31%,297.6MiB / 31.15GiB,0.93%,50.4MB / 811kB,406kB / 0B,50
1755872478.780257015,f8cd685deea1,multi-proxy2,165.69%,393.2MiB / 31.15GiB,1.23%,87.5MB / 664kB,73.7kB / 0B,49
1755872482.314551505,87ffcb507c59,multi-proxy0,87.82%,309.4MiB / 31.15GiB,0.97%,69.4MB / 1.25MB,1.84MB / 0B,46
1755872482.314551505,4ab2f4d499aa,multi-proxy1,137.89%,291.9MiB / 31.15GiB,0.91%,51.3MB / 822kB,406kB / 0B,50
1755872482.314551505,f8cd685deea1,multi-proxy2,164.56%,397.6MiB / 31.15GiB,1.25%,89.3MB / 673kB,73.7kB / 0B,49
1755872485.844579803,87ffcb507c59,multi-proxy0,82.27%,316.1MiB / 31.15GiB,0.99%,70.5MB / 1.27MB,1.84MB / 0B,46
1755872485.844579803,4ab2f4d499aa,multi-proxy1,127.12%,297.7MiB / 31.15GiB,0.93%,52.3MB / 836kB,406kB / 0B,50
1755872485.844579803,f8cd685deea1,multi-proxy2,189.74%,409.1MiB / 31.15GiB,1.28%,91MB / 682kB,73.7kB / 0B,49
1755872489.371996451,87ffcb507c59,multi-proxy0,82.58%,306.3MiB / 31.15GiB,0.96%,72.1MB / 1.29MB,1.84MB / 0B,46
1755872489.371996451,4ab2f4d499aa,multi-proxy1,146.65%,314.3MiB / 31.15GiB,0.99%,53.2MB / 849kB,406kB / 0B,50
1755872489.371996451,f8cd685deea1,multi-proxy2,175.02%,415.7MiB / 31.15GiB,1.30%,92.4MB / 687kB,73.7kB / 0B,49
1755872492.910564354,87ffcb507c59,multi-proxy0,83.16%,323.9MiB / 31.15GiB,1.02%,72.9MB / 1.3MB,1.84MB / 0B,46
1755872492.910564354,4ab2f4d499aa,multi-proxy1,144.67%,307.6MiB / 31.15GiB,0.96%,53.7MB / 856kB,406kB / 0B,50
1755872492.910564354,f8cd685deea1,multi-proxy2,161.10%,424.4MiB / 31.15GiB,1.33%,94.3MB / 695kB,73.7kB / 0B,49
1755872495.448660103,87ffcb507c59,multi-proxy0,88.79%,311.1MiB / 31.15GiB,0.98%,74MB / 1.32MB,1.84MB / 0B,46
1755872495.448660103,4ab2f4d499aa,multi-proxy1,163.00%,326MiB / 31.15GiB,1.02%,54.7MB / 869kB,406kB / 0B,50
1755872495.448660103,f8cd685deea1,multi-proxy2,166.59%,428.2MiB / 31.15GiB,1.34%,95.3MB / 699kB,73.7kB / 0B,49
1755872498.983496542,87ffcb507c59,multi-proxy0,94.89%,313.5MiB / 31.15GiB,0.98%,75.1MB / 1.33MB,1.84MB / 0B,46
1755872498.983496542,4ab2f4d499aa,multi-proxy1,165.99%,332.7MiB / 31.15GiB,1.04%,55.9MB / 883kB,406kB / 0B,50
1755872498.983496542,f8cd685deea1,multi-proxy2,152.50%,450.4MiB / 31.15GiB,1.41%,96.5MB / 770kB,73.7kB / 0B,49
1755872502.527948777,87ffcb507c59,multi-proxy0,92.84%,349.1MiB / 31.15GiB,1.09%,76.3MB / 1.35MB,1.84MB / 0B,46
1755872502.527948777,4ab2f4d499aa,multi-proxy1,152.29%,333.6MiB / 31.15GiB,1.05%,56.9MB / 897kB,406kB / 0B,50
1755872502.527948777,f8cd685deea1,multi-proxy2,175.77%,440.4MiB / 31.15GiB,1.38%,97.8MB / 906kB,73.7kB / 8.19kB,49
1755872506.076260618,87ffcb507c59,multi-proxy0,88.54%,336.6MiB / 31.15GiB,1.06%,77.4MB / 1.37MB,1.84MB / 0B,46
1755872506.076260618,4ab2f4d499aa,multi-proxy1,176.58%,341.2MiB / 31.15GiB,1.07%,58MB / 917kB,406kB / 0B,50
1755872506.076260618,f8cd685deea1,multi-proxy2,154.76%,450.8MiB / 31.15GiB,1.41%,99.1MB / 1.05MB,73.7kB / 36.9kB,49
1755872509.610845465,87ffcb507c59,multi-proxy0,91.90%,325.2MiB / 31.15GiB,1.02%,78.1MB / 1.38MB,1.84MB / 0B,46
1755872509.610845465,4ab2f4d499aa,multi-proxy1,223.45%,349.2MiB / 31.15GiB,1.09%,59.1MB / 934kB,406kB / 0B,50
1755872509.610845465,f8cd685deea1,multi-proxy2,156.10%,462.6MiB / 31.15GiB,1.45%,101MB / 1.32MB,73.7kB / 77.8kB,49
1755872513.144484310,87ffcb507c59,multi-proxy0,89.55%,343.7MiB / 31.15GiB,1.08%,79.4MB / 1.41MB,1.84MB / 0B,46
1755872513.144484310,4ab2f4d499aa,multi-proxy1,177.05%,353.8MiB / 31.15GiB,1.11%,59.6MB / 946kB,406kB / 0B,50
1755872513.144484310,f8cd685deea1,multi-proxy2,160.42%,468.1MiB / 31.15GiB,1.47%,102MB / 1.39MB,73.7kB / 106kB,49
1755872516.674758092,87ffcb507c59,multi-proxy0,88.69%,346.2MiB / 31.15GiB,1.09%,80.5MB / 1.42MB,1.84MB / 0B,46
1755872516.674758092,4ab2f4d499aa,multi-proxy1,160.76%,355.1MiB / 31.15GiB,1.11%,60.7MB / 965kB,406kB / 0B,50
1755872516.674758092,f8cd685deea1,multi-proxy2,164.75%,471.2MiB / 31.15GiB,1.48%,104MB / 1.47MB,73.7kB / 131kB,49
1755872520.221938468,87ffcb507c59,multi-proxy0,84.65%,365.8MiB / 31.15GiB,1.15%,81.5MB / 1.44MB,1.84MB / 0B,46
1755872520.221938468,4ab2f4d499aa,multi-proxy1,195.78%,360.4MiB / 31.15GiB,1.13%,61.8MB / 981kB,406kB / 0B,50
1755872520.221938468,f8cd685deea1,multi-proxy2,203.41%,493.6MiB / 31.15GiB,1.55%,105MB / 1.68MB,73.7kB / 172kB,49
1755872523.753552321,87ffcb507c59,multi-proxy0,80.32%,352.4MiB / 31.15GiB,1.10%,82.5MB / 1.46MB,1.84MB / 0B,46
1755872523.753552321,4ab2f4d499aa,multi-proxy1,167.78%,364.4MiB / 31.15GiB,1.14%,62.9MB / 1MB,406kB / 0B,50
1755872523.753552321,f8cd685deea1,multi-proxy2,202.14%,482.8MiB / 31.15GiB,1.51%,106MB / 1.88MB,73.7kB / 221kB,49
1755872527.291347372,87ffcb507c59,multi-proxy0,87.40%,354.9MiB / 31.15GiB,1.11%,83.3MB / 1.47MB,1.84MB / 0B,46
1755872527.291347372,4ab2f4d499aa,multi-proxy1,183.70%,388.6MiB / 31.15GiB,1.22%,64.5MB / 1.03MB,406kB / 0B,51
1755872527.291347372,f8cd685deea1,multi-proxy2,220.27%,506.6MiB / 31.15GiB,1.59%,108MB / 2.16MB,73.7kB / 315kB,49
1755872530.827666279,87ffcb507c59,multi-proxy0,86.96%,360.1MiB / 31.15GiB,1.13%,84.3MB / 1.48MB,1.84MB / 0B,46
1755872530.827666279,4ab2f4d499aa,multi-proxy1,212.82%,386MiB / 31.15GiB,1.21%,65.9MB / 1.05MB,406kB / 0B,51
1755872530.827666279,f8cd685deea1,multi-proxy2,259.42%,494MiB / 31.15GiB,1.55%,109MB / 2.5MB,77.8kB / 406kB,49
1755872534.370319767,87ffcb507c59,multi-proxy0,83.57%,363.7MiB / 31.15GiB,1.14%,85.4MB / 1.51MB,1.84MB / 0B,46
1755872534.370319767,4ab2f4d499aa,multi-proxy1,247.56%,404MiB / 31.15GiB,1.27%,67.1MB / 1.07MB,406kB / 0B,51
1755872534.370319767,f8cd685deea1,multi-proxy2,234.13%,520.5MiB / 31.15GiB,1.63%,110MB / 2.57MB,77.8kB / 471kB,49
1755872537.912562561,87ffcb507c59,multi-proxy0,93.53%,367.8MiB / 31.15GiB,1.15%,86.5MB / 1.53MB,1.84MB / 0B,46
1755872537.912562561,4ab2f4d499aa,multi-proxy1,196.69%,407.7MiB / 31.15GiB,1.28%,68.2MB / 1.1MB,406kB / 0B,51
1755872537.912562561,f8cd685deea1,multi-proxy2,232.59%,511.8MiB / 31.15GiB,1.60%,112MB / 2.86MB,77.8kB / 602kB,49
1755872541.450533425,87ffcb507c59,multi-proxy0,99.46%,361.5MiB / 31.15GiB,1.13%,87.5MB / 1.55MB,1.84MB / 0B,46
1755872541.450533425,4ab2f4d499aa,multi-proxy1,192.18%,397.6MiB / 31.15GiB,1.25%,69.2MB / 1.13MB,406kB / 0B,51
1755872541.450533425,f8cd685deea1,multi-proxy2,247.04%,515.9MiB / 31.15GiB,1.62%,113MB / 3.08MB,77.8kB / 713kB,49
1755872545.014438028,87ffcb507c59,multi-proxy0,93.21%,384.1MiB / 31.15GiB,1.20%,88.6MB / 1.57MB,1.84MB / 0B,46
1755872545.014438028,4ab2f4d499aa,multi-proxy1,223.60%,420.6MiB / 31.15GiB,1.32%,71MB / 1.17MB,406kB / 0B,51
1755872545.014438028,f8cd685deea1,multi-proxy2,263.93%,524.3MiB / 31.15GiB,1.64%,115MB / 3.62MB,77.8kB / 971kB,49
1755872548.548722229,87ffcb507c59,multi-proxy0,94.99%,380.5MiB / 31.15GiB,1.19%,89.6MB / 1.59MB,1.84MB / 0B,46
1755872548.548722229,4ab2f4d499aa,multi-proxy1,203.19%,413.4MiB / 31.15GiB,1.30%,72.1MB / 1.2MB,406kB / 0B,51
1755872548.548722229,f8cd685deea1,multi-proxy2,305.34%,526.5MiB / 31.15GiB,1.65%,117MB / 3.78MB,77.8kB / 1.13MB,49
1755872552.086210148,87ffcb507c59,multi-proxy0,94.91%,401.7MiB / 31.15GiB,1.26%,90.5MB / 1.6MB,1.84MB / 0B,46
1755872552.086210148,4ab2f4d499aa,multi-proxy1,219.53%,416.5MiB / 31.15GiB,1.31%,72.5MB / 1.21MB,406kB / 0B,51
1755872552.086210148,f8cd685deea1,multi-proxy2,292.36%,538.4MiB / 31.15GiB,1.69%,119MB / 3.92MB,77.8kB / 1.3MB,51
1755872555.628447278,87ffcb507c59,multi-proxy0,90.18%,376.7MiB / 31.15GiB,1.18%,91.5MB / 1.62MB,1.84MB / 0B,46
1755872555.628447278,4ab2f4d499aa,multi-proxy1,222.21%,418.1MiB / 31.15GiB,1.31%,72.8MB / 1.23MB,406kB / 0B,51
1755872555.628447278,f8cd685deea1,multi-proxy2,327.54%,548.5MiB / 31.15GiB,1.72%,120MB / 4.14MB,77.8kB / 1.47MB,51
1755872558.163138968,87ffcb507c59,multi-proxy0,100.32%,389.8MiB / 31.15GiB,1.22%,92.5MB / 1.63MB,1.84MB / 0B,46
1755872558.163138968,4ab2f4d499aa,multi-proxy1,210.20%,423.8MiB / 31.15GiB,1.33%,73.7MB / 1.25MB,406kB / 0B,51
1755872558.163138968,f8cd685deea1,multi-proxy2,312.31%,549.4MiB / 31.15GiB,1.72%,121MB / 4.29MB,77.8kB / 1.61MB,51
1755872561.701409481,87ffcb507c59,multi-proxy0,93.01%,392.3MiB / 31.15GiB,1.23%,93MB / 1.65MB,1.84MB / 0B,46
1755872561.701409481,4ab2f4d499aa,multi-proxy1,215.18%,433.3MiB / 31.15GiB,1.36%,75MB / 1.3MB,406kB / 0B,51
1755872561.701409481,f8cd685deea1,multi-proxy2,322.88%,562.3MiB / 31.15GiB,1.76%,123MB / 4.52MB,77.8kB / 1.84MB,51
1755872565.242949368,87ffcb507c59,multi-proxy0,89.15%,414.1MiB / 31.15GiB,1.30%,94MB / 1.66MB,1.84MB / 0B,46
1755872565.242949368,4ab2f4d499aa,multi-proxy1,241.60%,452.4MiB / 31.15GiB,1.42%,75.9MB / 1.32MB,406kB / 0B,51
1755872565.242949368,f8cd685deea1,multi-proxy2,334.50%,565.7MiB / 31.15GiB,1.77%,124MB / 4.73MB,77.8kB / 2.07MB,51
1755872567.774190827,87ffcb507c59,multi-proxy0,97.92%,418.3MiB / 31.15GiB,1.31%,94.9MB / 1.68MB,1.84MB / 0B,46
1755872567.774190827,4ab2f4d499aa,multi-proxy1,241.48%,456.9MiB / 31.15GiB,1.43%,77.1MB / 1.34MB,406kB / 0B,51
1755872567.774190827,f8cd685deea1,multi-proxy2,334.12%,566.5MiB / 31.15GiB,1.78%,125MB / 4.87MB,77.8kB / 2.17MB,51
1755872571.312780557,87ffcb507c59,multi-proxy0,87.97%,419.9MiB / 31.15GiB,1.32%,95.5MB / 1.69MB,1.84MB / 0B,46
1755872571.312780557,4ab2f4d499aa,multi-proxy1,260.40%,459.3MiB / 31.15GiB,1.44%,77.8MB / 1.35MB,406kB / 0B,51
1755872571.312780557,f8cd685deea1,multi-proxy2,382.21%,578.1MiB / 31.15GiB,1.81%,126MB / 5.01MB,77.8kB / 2.46MB,51
1755872573.853662101,87ffcb507c59,multi-proxy0,100.78%,425.6MiB / 31.15GiB,1.33%,96.5MB / 1.71MB,1.84MB / 0B,46
1755872573.853662101,4ab2f4d499aa,multi-proxy1,213.98%,449.9MiB / 31.15GiB,1.41%,79.2MB / 1.4MB,406kB / 0B,51
1755872573.853662101,f8cd685deea1,multi-proxy2,316.89%,581.8MiB / 31.15GiB,1.82%,127MB / 5.3MB,77.8kB / 2.79MB,51
1755872577.404756347,87ffcb507c59,multi-proxy0,95.84%,409.6MiB / 31.15GiB,1.28%,97.6MB / 1.73MB,1.84MB / 0B,46
1755872577.404756347,4ab2f4d499aa,multi-proxy1,268.19%,453.9MiB / 31.15GiB,1.42%,80.3MB / 1.43MB,406kB / 0B,51
1755872577.404756347,f8cd685deea1,multi-proxy2,369.34%,589.1MiB / 31.15GiB,1.85%,129MB / 5.4MB,77.8kB / 2.95MB,51
1755872580.955017006,87ffcb507c59,multi-proxy0,99.25%,434.1MiB / 31.15GiB,1.36%,98.3MB / 1.74MB,1.84MB / 0B,46
1755872580.955017006,4ab2f4d499aa,multi-proxy1,254.26%,458.7MiB / 31.15GiB,1.44%,81.6MB / 1.45MB,406kB / 0B,51
1755872580.955017006,f8cd685deea1,multi-proxy2,395.66%,599.7MiB / 31.15GiB,1.88%,131MB / 5.74MB,77.8kB / 3.4MB,51
1755872584.503460929,87ffcb507c59,multi-proxy0,102.24%,437.8MiB / 31.15GiB,1.37%,99.1MB / 1.75MB,1.84MB / 0B,46
1755872584.503460929,4ab2f4d499aa,multi-proxy1,218.24%,459.5MiB / 31.15GiB,1.44%,82.7MB / 1.48MB,406kB / 0B,51
1755872584.503460929,f8cd685deea1,multi-proxy2,349.09%,605.8MiB / 31.15GiB,1.90%,132MB / 5.89MB,77.8kB / 3.73MB,51
1755872588.061515531,87ffcb507c59,multi-proxy0,108.28%,438MiB / 31.15GiB,1.37%,100MB / 1.77MB,1.84MB / 0B,46
1755872588.061515531,4ab2f4d499aa,multi-proxy1,210.38%,481.6MiB / 31.15GiB,1.51%,83.7MB / 1.51MB,406kB / 0B,51
1755872588.061515531,f8cd685deea1,multi-proxy2,403.05%,613.3MiB / 31.15GiB,1.92%,134MB / 5.98MB,77.8kB / 3.95MB,51
1755872591.610719516,87ffcb507c59,multi-proxy0,89.46%,439.6MiB / 31.15GiB,1.38%,101MB / 1.79MB,1.84MB / 0B,46
1755872591.610719516,4ab2f4d499aa,multi-proxy1,235.82%,470.6MiB / 31.15GiB,1.48%,84.9MB / 1.53MB,406kB / 0B,51
1755872591.610719516,f8cd685deea1,multi-proxy2,365.50%,621.3MiB / 31.15GiB,1.95%,135MB / 6.13MB,77.8kB / 4.02MB,51
1755872595.148824115,87ffcb507c59,multi-proxy0,93.09%,464.5MiB / 31.15GiB,1.46%,102MB / 1.8MB,1.84MB / 0B,46
1755872595.148824115,4ab2f4d499aa,multi-proxy1,234.79%,491.3MiB / 31.15GiB,1.54%,86MB / 1.55MB,406kB / 0B,51
1755872595.148824115,f8cd685deea1,multi-proxy2,477.22%,628.3MiB / 31.15GiB,1.97%,137MB / 6.34MB,81.9kB / 4.54MB,51
1755872598.687048526,87ffcb507c59,multi-proxy0,93.11%,447.6MiB / 31.15GiB,1.40%,103MB / 1.82MB,1.84MB / 0B,46
1755872598.687048526,4ab2f4d499aa,multi-proxy1,231.75%,498.1MiB / 31.15GiB,1.56%,87.3MB / 1.59MB,406kB / 0B,51
1755872598.687048526,f8cd685deea1,multi-proxy2,519.04%,631.4MiB / 31.15GiB,1.98%,138MB / 6.55MB,81.9kB / 5.05MB,51
1755872602.238876013,87ffcb507c59,multi-proxy0,91.73%,492.9MiB / 31.15GiB,1.55%,104MB / 1.83MB,1.84MB / 0B,46
1755872602.238876013,4ab2f4d499aa,multi-proxy1,290.60%,490.3MiB / 31.15GiB,1.54%,88.1MB / 1.63MB,406kB / 0B,51
1755872602.238876013,f8cd685deea1,multi-proxy2,455.81%,635.1MiB / 31.15GiB,1.99%,140MB / 6.93MB,81.9kB / 5.66MB,51
1755872605.774654522,87ffcb507c59,multi-proxy0,108.56%,495MiB / 31.15GiB,1.55%,105MB / 1.85MB,1.84MB / 0B,46
1755872605.774654522,4ab2f4d499aa,multi-proxy1,229.31%,512.4MiB / 31.15GiB,1.61%,89.8MB / 1.67MB,406kB / 0B,51
1755872605.774654522,f8cd685deea1,multi-proxy2,441.92%,665.4MiB / 31.15GiB,2.09%,141MB / 7.21MB,81.9kB / 6.43MB,51
1755872609.320421360,87ffcb507c59,multi-proxy0,98.28%,474.3MiB / 31.15GiB,1.49%,106MB / 1.87MB,1.84MB / 0B,46
1755872609.320421360,4ab2f4d499aa,multi-proxy1,227.83%,497.3MiB / 31.15GiB,1.56%,90.8MB / 1.69MB,406kB / 0B,51
1755872609.320421360,f8cd685deea1,multi-proxy2,448.14%,671MiB / 31.15GiB,2.10%,143MB / 7.23MB,81.9kB / 6.55MB,51
1755872612.858287620,87ffcb507c59,multi-proxy0,100.12%,476.4MiB / 31.15GiB,1.49%,107MB / 1.88MB,1.84MB / 0B,46
1755872612.858287620,4ab2f4d499aa,multi-proxy1,222.41%,521.6MiB / 31.15GiB,1.64%,91.9MB / 1.71MB,406kB / 0B,51
1755872612.858287620,f8cd685deea1,multi-proxy2,533.92%,668.6MiB / 31.15GiB,2.10%,144MB / 7.44MB,81.9kB / 7.12MB,51
1755872616.422509607,87ffcb507c59,multi-proxy0,106.53%,501MiB / 31.15GiB,1.57%,108MB / 1.9MB,1.84MB / 0B,46
1755872616.422509607,4ab2f4d499aa,multi-proxy1,229.83%,508.7MiB / 31.15GiB,1.59%,92.7MB / 1.73MB,406kB / 0B,51
1755872616.422509607,f8cd685deea1,multi-proxy2,502.29%,663MiB / 31.15GiB,2.08%,146MB / 7.46MB,81.9kB / 7.2MB,51
1755872619.966425569,87ffcb507c59,multi-proxy0,102.05%,505.5MiB / 31.15GiB,1.58%,110MB / 1.92MB,1.84MB / 0B,46
1755872619.966425569,4ab2f4d499aa,multi-proxy1,224.17%,508.6MiB / 31.15GiB,1.59%,93.5MB / 1.75MB,406kB / 0B,51
1755872619.966425569,f8cd685deea1,multi-proxy2,459.89%,668.4MiB / 31.15GiB,2.10%,147MB / 7.47MB,81.9kB / 7.32MB,51
1755872623.512913282,87ffcb507c59,multi-proxy0,105.34%,508.7MiB / 31.15GiB,1.59%,111MB / 1.94MB,1.84MB / 0B,46
1755872623.512913282,4ab2f4d499aa,multi-proxy1,208.77%,515.7MiB / 31.15GiB,1.62%,94.5MB / 1.76MB,406kB / 0B,51
1755872623.512913282,f8cd685deea1,multi-proxy2,535.02%,693.6MiB / 31.15GiB,2.17%,149MB / 7.48MB,81.9kB / 7.41MB,51
1755872627.064819552,87ffcb507c59,multi-proxy0,117.27%,488.1MiB / 31.15GiB,1.53%,112MB / 1.96MB,1.84MB / 0B,46
1755872627.064819552,4ab2f4d499aa,multi-proxy1,211.90%,536.6MiB / 31.15GiB,1.68%,95.3MB / 1.77MB,406kB / 0B,51
1755872627.064819552,f8cd685deea1,multi-proxy2,471.95%,698.6MiB / 31.15GiB,2.19%,150MB / 7.49MB,81.9kB / 7.52MB,51
1755872630.603574715,87ffcb507c59,multi-proxy0,101.52%,489.8MiB / 31.15GiB,1.54%,114MB / 1.97MB,1.84MB / 0B,46
1755872630.603574715,4ab2f4d499aa,multi-proxy1,214.99%,539.4MiB / 31.15GiB,1.69%,95.8MB / 1.78MB,406kB / 0B,51
1755872630.603574715,f8cd685deea1,multi-proxy2,456.16%,680MiB / 31.15GiB,2.13%,152MB / 7.5MB,81.9kB / 7.61MB,51
1755872634.155091687,87ffcb507c59,multi-proxy0,139.55%,533MiB / 31.15GiB,1.67%,114MB / 1.99MB,1.84MB / 0B,49
1755872634.155091687,4ab2f4d499aa,multi-proxy1,203.75%,526.6MiB / 31.15GiB,1.65%,96.5MB / 1.92MB,406kB / 0B,54
1755872634.155091687,f8cd685deea1,multi-proxy2,466.56%,684.1MiB / 31.15GiB,2.14%,153MB / 7.5MB,81.9kB / 7.72MB,51
1755872637.691216296,87ffcb507c59,multi-proxy0,314.44%,512.5MiB / 31.15GiB,1.61%,115MB / 2MB,1.84MB / 0B,49
1755872637.691216296,4ab2f4d499aa,multi-proxy1,259.29%,547.8MiB / 31.15GiB,1.72%,97MB / 2MB,406kB / 8.19kB,54
1755872637.691216296,f8cd685deea1,multi-proxy2,474.22%,716.4MiB / 31.15GiB,2.25%,154MB / 7.58MB,81.9kB / 7.81MB,51
1755872640.249304120,87ffcb507c59,multi-proxy0,158.42%,530.1MiB / 31.15GiB,1.66%,116MB / 2.03MB,1.84MB / 0B,49
1755872640.249304120,4ab2f4d499aa,multi-proxy1,298.48%,551.3MiB / 31.15GiB,1.73%,97.5MB / 2.22MB,406kB / 41kB,54
1755872640.249304120,f8cd685deea1,multi-proxy2,381.05%,722.8MiB / 31.15GiB,2.27%,156MB / 7.82MB,81.9kB / 7.95MB,51
1755872643.794162253,87ffcb507c59,multi-proxy0,189.00%,534.8MiB / 31.15GiB,1.68%,118MB / 2.08MB,1.84MB / 0B,49
1755872643.794162253,4ab2f4d499aa,multi-proxy1,188.53%,555.5MiB / 31.15GiB,1.74%,98.1MB / 2.48MB,406kB / 81.9kB,54
1755872643.794162253,f8cd685deea1,multi-proxy2,332.79%,702MiB / 31.15GiB,2.20%,157MB / 8.11MB,81.9kB / 8.07MB,51
1755872647.331278942,87ffcb507c59,multi-proxy0,469.72%,563.8MiB / 31.15GiB,1.77%,119MB / 2.1MB,1.84MB / 0B,49
1755872647.331278942,4ab2f4d499aa,multi-proxy1,226.35%,558.2MiB / 31.15GiB,1.75%,98.6MB / 2.78MB,406kB / 123kB,54
1755872647.331278942,f8cd685deea1,multi-proxy2,336.00%,708.6MiB / 31.15GiB,2.22%,159MB / 8.35MB,81.9kB / 8.22MB,51
1755872650.862799614,87ffcb507c59,multi-proxy0,90.61%,548.4MiB / 31.15GiB,1.72%,121MB / 2.16MB,1.84MB / 0B,51
1755872650.862799614,4ab2f4d499aa,multi-proxy1,199.29%,561.9MiB / 31.15GiB,1.76%,99.3MB / 2.97MB,406kB / 176kB,54
1755872650.862799614,f8cd685deea1,multi-proxy2,355.79%,724.7MiB / 31.15GiB,2.27%,160MB / 8.53MB,81.9kB / 8.31MB,51
1755872654.411673710,87ffcb507c59,multi-proxy0,182.50%,580.9MiB / 31.15GiB,1.82%,123MB / 2.2MB,1.84MB / 0B,51
1755872654.411673710,4ab2f4d499aa,multi-proxy1,238.32%,565.4MiB / 31.15GiB,1.77%,99.9MB / 3.19MB,406kB / 246kB,54
1755872654.411673710,f8cd685deea1,multi-proxy2,393.29%,715.7MiB / 31.15GiB,2.24%,161MB / 8.68MB,81.9kB / 8.46MB,51
1755872657.970598230,87ffcb507c59,multi-proxy0,165.65%,562.5MiB / 31.15GiB,1.76%,124MB / 2.22MB,1.84MB / 0B,51
1755872657.970598230,4ab2f4d499aa,multi-proxy1,202.91%,547.8MiB / 31.15GiB,1.72%,100MB / 3.35MB,406kB / 295kB,54
1755872657.970598230,f8cd685deea1,multi-proxy2,330.81%,748.7MiB / 31.15GiB,2.35%,163MB / 8.97MB,81.9kB / 8.84MB,51
1755872661.520707596,87ffcb507c59,multi-proxy0,181.78%,592.9MiB / 31.15GiB,1.86%,125MB / 2.28MB,1.84MB / 0B,51
1755872661.520707596,4ab2f4d499aa,multi-proxy1,210.43%,550.9MiB / 31.15GiB,1.73%,101MB / 3.51MB,406kB / 356kB,54
1755872661.520707596,f8cd685deea1,multi-proxy2,390.89%,756.5MiB / 31.15GiB,2.37%,164MB / 9.12MB,81.9kB / 8.93MB,51
1755872665.070777623,87ffcb507c59,multi-proxy0,486.57%,595.7MiB / 31.15GiB,1.87%,126MB / 2.3MB,1.84MB / 0B,51
1755872665.070777623,4ab2f4d499aa,multi-proxy1,270.73%,575.7MiB / 31.15GiB,1.80%,102MB / 3.7MB,406kB / 414kB,54
1755872665.070777623,f8cd685deea1,multi-proxy2,391.35%,737.9MiB / 31.15GiB,2.31%,165MB / 9.76MB,81.9kB / 9.98MB,51
1755872668.620117596,87ffcb507c59,multi-proxy0,125.28%,598.2MiB / 31.15GiB,1.88%,128MB / 2.38MB,1.84MB / 0B,51
1755872668.620117596,4ab2f4d499aa,multi-proxy1,265.01%,580.5MiB / 31.15GiB,1.82%,102MB / 3.92MB,406kB / 483kB,54
1755872668.620117596,f8cd685deea1,multi-proxy2,369.09%,741.3MiB / 31.15GiB,2.32%,166MB / 9.98MB,81.9kB / 10.5MB,51
1755872672.161224628,87ffcb507c59,multi-proxy0,161.99%,627.9MiB / 31.15GiB,1.97%,129MB / 2.42MB,1.84MB / 0B,51
1755872672.161224628,4ab2f4d499aa,multi-proxy1,281.38%,563.4MiB / 31.15GiB,1.77%,103MB / 4.15MB,406kB / 557kB,54
1755872672.161224628,f8cd685deea1,multi-proxy2,347.04%,744.1MiB / 31.15GiB,2.33%,166MB / 10.2MB,81.9kB / 10.8MB,51
1755872675.701725353,87ffcb507c59,multi-proxy0,262.06%,603.7MiB / 31.15GiB,1.89%,130MB / 2.44MB,1.84MB / 0B,51
1755872675.701725353,4ab2f4d499aa,multi-proxy1,247.50%,564.8MiB / 31.15GiB,1.77%,103MB / 4.32MB,406kB / 647kB,54
1755872675.701725353,f8cd685deea1,multi-proxy2,368.90%,749.3MiB / 31.15GiB,2.35%,168MB / 10.4MB,81.9kB / 11MB,51
1755872679.248276894,87ffcb507c59,multi-proxy0,179.24%,609.3MiB / 31.15GiB,1.91%,131MB / 2.48MB,1.84MB / 0B,51
1755872679.248276894,4ab2f4d499aa,multi-proxy1,235.96%,566.6MiB / 31.15GiB,1.78%,104MB / 4.41MB,406kB / 717kB,54
1755872679.248276894,f8cd685deea1,multi-proxy2,438.90%,751.8MiB / 31.15GiB,2.36%,169MB / 10.6MB,81.9kB / 11.2MB,51
1755872682.789376284,87ffcb507c59,multi-proxy0,126.65%,637MiB / 31.15GiB,2.00%,132MB / 2.5MB,1.84MB / 0B,51
1755872682.789376284,4ab2f4d499aa,multi-proxy1,209.41%,592.1MiB / 31.15GiB,1.86%,104MB / 4.64MB,406kB / 852kB,54
1755872682.789376284,f8cd685deea1,multi-proxy2,457.86%,787MiB / 31.15GiB,2.47%,170MB / 10.8MB,81.9kB / 11.4MB,51
1755872686.339693312,87ffcb507c59,multi-proxy0,312.59%,615.8MiB / 31.15GiB,1.93%,133MB / 2.54MB,1.84MB / 0B,51
1755872686.339693312,4ab2f4d499aa,multi-proxy1,228.88%,574MiB / 31.15GiB,1.80%,105MB / 4.82MB,406kB / 942kB,54
1755872686.339693312,f8cd685deea1,multi-proxy2,340.14%,791.1MiB / 31.15GiB,2.48%,171MB / 10.9MB,86kB / 11.7MB,51
1755872689.881504205,87ffcb507c59,multi-proxy0,136.80%,648.1MiB / 31.15GiB,2.03%,135MB / 2.6MB,1.84MB / 0B,51
1755872689.881504205,4ab2f4d499aa,multi-proxy1,248.11%,578.7MiB / 31.15GiB,1.81%,105MB / 5.02MB,406kB / 1.06MB,54
1755872689.881504205,f8cd685deea1,multi-proxy2,417.63%,793.6MiB / 31.15GiB,2.49%,172MB / 11.1MB,86kB / 11.8MB,51
1755872693.438243591,87ffcb507c59,multi-proxy0,149.52%,626MiB / 31.15GiB,1.96%,136MB / 2.64MB,1.84MB / 0B,51
1755872693.438243591,4ab2f4d499aa,multi-proxy1,244.70%,601MiB / 31.15GiB,1.88%,106MB / 5.18MB,410kB / 1.18MB,54
1755872693.438243591,f8cd685deea1,multi-proxy2,412.23%,772.7MiB / 31.15GiB,2.42%,173MB / 11.4MB,86kB / 12.1MB,51
1755872696.976467307,87ffcb507c59,multi-proxy0,166.43%,630.5MiB / 31.15GiB,1.98%,138MB / 2.67MB,1.84MB / 0B,51
1755872696.976467307,4ab2f4d499aa,multi-proxy1,292.34%,602.5MiB / 31.15GiB,1.89%,106MB / 5.35MB,410kB / 1.32MB,54
1755872696.976467307,f8cd685deea1,multi-proxy2,404.11%,802.3MiB / 31.15GiB,2.51%,174MB / 11.4MB,86kB / 12.3MB,51
1755872700.540741112,87ffcb507c59,multi-proxy0,312.76%,660.7MiB / 31.15GiB,2.07%,138MB / 2.7MB,1.84MB / 0B,51
1755872700.540741112,4ab2f4d499aa,multi-proxy1,246.40%,605.7MiB / 31.15GiB,1.90%,107MB / 5.51MB,410kB / 1.47MB,54
1755872700.540741112,f8cd685deea1,multi-proxy2,537.01%,810MiB / 31.15GiB,2.54%,175MB / 11.6MB,86kB / 12.5MB,51
1755872704.115568046,87ffcb507c59,multi-proxy0,178.38%,635.7MiB / 31.15GiB,1.99%,140MB / 2.73MB,1.84MB / 0B,51
1755872704.115568046,4ab2f4d499aa,multi-proxy1,249.66%,587.3MiB / 31.15GiB,1.84%,107MB / 5.67MB,410kB / 1.61MB,54
1755872704.115568046,f8cd685deea1,multi-proxy2,499.61%,784.1MiB / 31.15GiB,2.46%,176MB / 11.8MB,90.1kB / 12.9MB,51
1755872707.648951424,87ffcb507c59,multi-proxy0,273.11%,640.2MiB / 31.15GiB,2.01%,141MB / 2.77MB,1.84MB / 0B,51
1755872707.648951424,4ab2f4d499aa,multi-proxy1,287.74%,593.4MiB / 31.15GiB,1.86%,108MB / 5.9MB,410kB / 1.82MB,54
1755872707.648951424,f8cd685deea1,multi-proxy2,379.27%,790.5MiB / 31.15GiB,2.48%,177MB / 12.1MB,98.3kB / 13.2MB,51
1755872711.182181391,87ffcb507c59,multi-proxy0,260.88%,646.4MiB / 31.15GiB,2.03%,143MB / 2.81MB,1.84MB / 0B,51
1755872711.182181391,4ab2f4d499aa,multi-proxy1,242.38%,596MiB / 31.15GiB,1.87%,108MB / 5.99MB,410kB / 1.91MB,54
1755872711.182181391,f8cd685deea1,multi-proxy2,461.78%,821.8MiB / 31.15GiB,2.58%,178MB / 12.2MB,98.3kB / 13.5MB,51
1755872714.739717939,87ffcb507c59,multi-proxy0,155.62%,677.2MiB / 31.15GiB,2.12%,144MB / 2.83MB,1.84MB / 0B,51
1755872714.739717939,4ab2f4d499aa,multi-proxy1,265.30%,620.8MiB / 31.15GiB,1.95%,109MB / 6.22MB,414kB / 2.17MB,54
1755872714.739717939,f8cd685deea1,multi-proxy2,418.80%,826.8MiB / 31.15GiB,2.59%,180MB / 12.4MB,98.3kB / 13.8MB,51
1755872718.273621857,87ffcb507c59,multi-proxy0,304.24%,682.9MiB / 31.15GiB,2.14%,146MB / 2.88MB,1.84MB / 0B,51
1755872718.273621857,4ab2f4d499aa,multi-proxy1,254.42%,601.2MiB / 31.15GiB,1.88%,109MB / 6.38MB,414kB / 2.35MB,54
1755872718.273621857,f8cd685deea1,multi-proxy2,429.72%,802.2MiB / 31.15GiB,2.51%,180MB / 12.5MB,98.3kB / 14MB,51
1755872721.820962800,87ffcb507c59,multi-proxy0,208.32%,657.6MiB / 31.15GiB,2.06%,147MB / 2.91MB,1.84MB / 0B,51
1755872721.820962800,4ab2f4d499aa,multi-proxy1,280.59%,605.7MiB / 31.15GiB,1.90%,110MB / 6.61MB,414kB / 2.56MB,54
1755872721.820962800,f8cd685deea1,multi-proxy2,453.96%,807.3MiB / 31.15GiB,2.53%,182MB / 12.8MB,102kB / 14.4MB,51
1755872725.354637098,87ffcb507c59,multi-proxy0,300.23%,662.5MiB / 31.15GiB,2.08%,149MB / 2.95MB,1.84MB / 0B,51
1755872725.354637098,4ab2f4d499aa,multi-proxy1,240.53%,633.5MiB / 31.15GiB,1.99%,110MB / 6.77MB,414kB / 2.82MB,54
1755872725.354637098,f8cd685deea1,multi-proxy2,424.04%,840.9MiB / 31.15GiB,2.64%,182MB / 12.9MB,102kB / 14.7MB,51
1755872728.904027280,87ffcb507c59,multi-proxy0,218.83%,695.7MiB / 31.15GiB,2.18%,149MB / 2.97MB,1.84MB / 0B,51
1755872728.904027280,4ab2f4d499aa,multi-proxy1,280.93%,634.7MiB / 31.15GiB,1.99%,111MB / 6.93MB,414kB / 3.06MB,54
1755872728.904027280,f8cd685deea1,multi-proxy2,417.90%,815.1MiB / 31.15GiB,2.56%,184MB / 13.1MB,102kB / 15.1MB,51
1755872732.460427504,87ffcb507c59,multi-proxy0,275.84%,671.8MiB / 31.15GiB,2.11%,151MB / 3.01MB,1.84MB / 0B,51
1755872732.460427504,4ab2f4d499aa,multi-proxy1,258.91%,636.7MiB / 31.15GiB,2.00%,111MB / 7.08MB,414kB / 3.31MB,54
1755872732.460427504,f8cd685deea1,multi-proxy2,412.27%,849MiB / 31.15GiB,2.66%,185MB / 13.2MB,102kB / 15.4MB,51
1755872736.008499941,87ffcb507c59,multi-proxy0,325.33%,674MiB / 31.15GiB,2.11%,152MB / 3.04MB,1.84MB / 0B,51
1755872736.008499941,4ab2f4d499aa,multi-proxy1,268.44%,639.1MiB / 31.15GiB,2.00%,112MB / 7.23MB,414kB / 3.52MB,54
1755872736.008499941,f8cd685deea1,multi-proxy2,485.48%,822.7MiB / 31.15GiB,2.58%,185MB / 13.4MB,102kB / 15.9MB,51
1755872738.556244118,87ffcb507c59,multi-proxy0,357.47%,678.9MiB / 31.15GiB,2.13%,153MB / 3.07MB,1.84MB / 0B,51
1755872738.556244118,4ab2f4d499aa,multi-proxy1,287.10%,644MiB / 31.15GiB,2.02%,112MB / 7.39MB,418kB / 3.79MB,54
1755872738.556244118,f8cd685deea1,multi-proxy2,386.32%,825.8MiB / 31.15GiB,2.59%,186MB / 13.7MB,102kB / 16.1MB,51
1755872742.098027157,87ffcb507c59,multi-proxy0,218.45%,712.2MiB / 31.15GiB,2.23%,154MB / 3.1MB,1.84MB / 0B,51
1755872742.098027157,4ab2f4d499aa,multi-proxy1,256.01%,645.4MiB / 31.15GiB,2.02%,112MB / 7.54MB,418kB / 3.93MB,54
1755872742.098027157,f8cd685deea1,multi-proxy2,481.65%,830.2MiB / 31.15GiB,2.60%,187MB / 13.8MB,102kB / 16.8MB,51
1755872745.650804616,87ffcb507c59,multi-proxy0,496.46%,684.5MiB / 31.15GiB,2.15%,155MB / 3.12MB,1.84MB / 0B,51
1755872745.650804616,4ab2f4d499aa,multi-proxy1,299.49%,623.3MiB / 31.15GiB,1.95%,113MB / 7.63MB,418kB / 4.24MB,54
1755872745.650804616,f8cd685deea1,multi-proxy2,420.28%,833.6MiB / 31.15GiB,2.61%,188MB / 14MB,102kB / 17.3MB,51
1755872749.181772637,87ffcb507c59,multi-proxy0,477.20%,687.8MiB / 31.15GiB,2.16%,157MB / 3.16MB,1.84MB / 0B,51
1755872749.181772637,4ab2f4d499aa,multi-proxy1,249.08%,649.7MiB / 31.15GiB,2.04%,113MB / 7.72MB,418kB / 4.41MB,54
1755872749.181772637,f8cd685deea1,multi-proxy2,413.56%,872.1MiB / 31.15GiB,2.73%,189MB / 14.2MB,102kB / 17.6MB,51
1755872752.728419367,87ffcb507c59,multi-proxy0,529.08%,693.6MiB / 31.15GiB,2.17%,158MB / 3.18MB,1.84MB / 0B,51
1755872752.728419367,4ab2f4d499aa,multi-proxy1,267.56%,652.2MiB / 31.15GiB,2.04%,114MB / 7.73MB,418kB / 4.53MB,54
1755872752.728419367,f8cd685deea1,multi-proxy2,497.24%,885.6MiB / 31.15GiB,2.78%,190MB / 14.3MB,102kB / 18MB,54
1755872756.260030179,87ffcb507c59,multi-proxy0,451.38%,694.9MiB / 31.15GiB,2.18%,159MB / 3.2MB,1.84MB / 0B,51
1755872756.260030179,4ab2f4d499aa,multi-proxy1,274.68%,630.2MiB / 31.15GiB,1.98%,114MB / 7.75MB,418kB / 4.61MB,54
1755872756.260030179,f8cd685deea1,multi-proxy2,382.62%,896MiB / 31.15GiB,2.81%,191MB / 14.5MB,102kB / 18.6MB,54
1755872759.793728457,87ffcb507c59,multi-proxy0,483.27%,728.8MiB / 31.15GiB,2.28%,160MB / 3.22MB,1.84MB / 0B,51
1755872759.793728457,4ab2f4d499aa,multi-proxy1,281.72%,656.6MiB / 31.15GiB,2.06%,115MB / 7.76MB,418kB / 4.7MB,54
1755872759.793728457,f8cd685deea1,multi-proxy2,281.46%,899.2MiB / 31.15GiB,2.82%,192MB / 14.6MB,102kB / 18.9MB,54
1755872763.337220825,87ffcb507c59,multi-proxy0,476.65%,700.1MiB / 31.15GiB,2.19%,161MB / 3.25MB,1.84MB / 0B,51
1755872763.337220825,4ab2f4d499aa,multi-proxy1,246.50%,634.1MiB / 31.15GiB,1.99%,115MB / 7.77MB,418kB / 4.78MB,54
1755872763.337220825,f8cd685deea1,multi-proxy2,424.96%,907.1MiB / 31.15GiB,2.84%,193MB / 14.8MB,106kB / 19.5MB,54
1755872766.871759145,87ffcb507c59,multi-proxy0,570.43%,702.9MiB / 31.15GiB,2.20%,163MB / 3.28MB,1.84MB / 0B,51
1755872766.871759145,4ab2f4d499aa,multi-proxy1,285.42%,661.5MiB / 31.15GiB,2.07%,116MB / 7.79MB,418kB / 4.93MB,54
1755872766.871759145,f8cd685deea1,multi-proxy2,447.76%,914.2MiB / 31.15GiB,2.87%,194MB / 15MB,106kB / 20.1MB,54
1755872770.451591422,87ffcb507c59,multi-proxy0,552.92%,738MiB / 31.15GiB,2.31%,164MB / 3.3MB,1.84MB / 0B,51
1755872770.451591422,4ab2f4d499aa,multi-proxy1,279.09%,663.2MiB / 31.15GiB,2.08%,117MB / 7.81MB,418kB / 5.04MB,54
1755872770.451591422,f8cd685deea1,multi-proxy2,308.79%,918.3MiB / 31.15GiB,2.88%,195MB / 15.2MB,106kB / 20.6MB,54
1755872774.008313639,87ffcb507c59,multi-proxy0,645.06%,739.8MiB / 31.15GiB,2.32%,165MB / 3.32MB,1.84MB / 0B,51
1755872774.008313639,4ab2f4d499aa,multi-proxy1,276.18%,665.9MiB / 31.15GiB,2.09%,117MB / 7.82MB,418kB / 5.1MB,54
1755872774.008313639,f8cd685deea1,multi-proxy2,321.93%,922.8MiB / 31.15GiB,2.89%,196MB / 15.4MB,106kB / 21.3MB,54
1755872776.563642933,87ffcb507c59,multi-proxy0,553.21%,742.8MiB / 31.15GiB,2.33%,166MB / 3.35MB,1.84MB / 0B,51
1755872776.563642933,4ab2f4d499aa,multi-proxy1,299.76%,644.3MiB / 31.15GiB,2.02%,117MB / 7.83MB,418kB / 5.19MB,54
1755872776.563642933,f8cd685deea1,multi-proxy2,296.52%,929.2MiB / 31.15GiB,2.91%,197MB / 15.5MB,106kB / 21.8MB,54
1755872780.128213837,87ffcb507c59,multi-proxy0,505.31%,779.1MiB / 31.15GiB,2.44%,168MB / 3.38MB,1.84MB / 0B,51
1755872780.128213837,4ab2f4d499aa,multi-proxy1,293.99%,654.6MiB / 31.15GiB,2.05%,118MB / 7.99MB,418kB / 5.5MB,54
1755872780.128213837,f8cd685deea1,multi-proxy2,411.17%,933.6MiB / 31.15GiB,2.93%,197MB / 15.6MB,106kB / 22.1MB,54
1755872783.676375271,87ffcb507c59,multi-proxy0,678.42%,783MiB / 31.15GiB,2.45%,169MB / 3.41MB,1.84MB / 0B,51
1755872783.676375271,4ab2f4d499aa,multi-proxy1,256.15%,686.1MiB / 31.15GiB,2.15%,119MB / 8.15MB,418kB / 5.8MB,54
1755872783.676375271,f8cd685deea1,multi-proxy2,468.80%,938.5MiB / 31.15GiB,2.94%,198MB / 15.6MB,143kB / 22.4MB,54
1755872787.225556994,87ffcb507c59,multi-proxy0,533.71%,785.1MiB / 31.15GiB,2.46%,170MB / 3.43MB,1.84MB / 0B,52
1755872787.225556994,4ab2f4d499aa,multi-proxy1,300.94%,690.8MiB / 31.15GiB,2.17%,120MB / 8.37MB,418kB / 6.25MB,54
1755872787.225556994,f8cd685deea1,multi-proxy2,356.24%,946.4MiB / 31.15GiB,2.97%,200MB / 15.6MB,143kB / 22.8MB,54
1755872790.760107144,87ffcb507c59,multi-proxy0,654.06%,757.6MiB / 31.15GiB,2.38%,171MB / 3.46MB,1.84MB / 0B,52
1755872790.760107144,4ab2f4d499aa,multi-proxy1,284.05%,674.7MiB / 31.15GiB,2.12%,120MB / 8.53MB,422kB / 6.59MB,54
1755872790.760107144,f8cd685deea1,multi-proxy2,375.87%,950.1MiB / 31.15GiB,2.98%,201MB / 15.6MB,143kB / 22.9MB,54
1755872794.306279859,87ffcb507c59,multi-proxy0,576.38%,794.1MiB / 31.15GiB,2.49%,173MB / 3.48MB,1.84MB / 0B,55
1755872794.306279859,4ab2f4d499aa,multi-proxy1,301.98%,704.4MiB / 31.15GiB,2.21%,121MB / 8.68MB,422kB / 6.92MB,54
1755872794.306279859,f8cd685deea1,multi-proxy2,460.61%,955.1MiB / 31.15GiB,2.99%,202MB / 15.7MB,143kB / 23.3MB,54
1755872797.858595800,87ffcb507c59,multi-proxy0,612.19%,764.3MiB / 31.15GiB,2.40%,174MB / 3.5MB,1.84MB / 0B,55
1755872797.858595800,4ab2f4d499aa,multi-proxy1,282.00%,708.8MiB / 31.15GiB,2.22%,122MB / 8.83MB,422kB / 7.31MB,54
1755872797.858595800,f8cd685deea1,multi-proxy2,374.30%,960.8MiB / 31.15GiB,3.01%,203MB / 15.7MB,143kB / 23.6MB,54
1755872801.400175961,87ffcb507c59,multi-proxy0,670.66%,800.2MiB / 31.15GiB,2.51%,175MB / 3.53MB,1.95MB / 0B,55
1755872801.400175961,4ab2f4d499aa,multi-proxy1,287.27%,706.5MiB / 31.15GiB,2.21%,122MB / 9.05MB,422kB / 7.71MB,54
1755872801.400175961,f8cd685deea1,multi-proxy2,338.92%,965.4MiB / 31.15GiB,3.03%,204MB / 15.7MB,213kB / 23.9MB,54
1755872804.960565494,87ffcb507c59,multi-proxy0,587.81%,771.7MiB / 31.15GiB,2.42%,176MB / 3.57MB,1.95MB / 0B,55
1755872804.960565494,4ab2f4d499aa,multi-proxy1,357.75%,688.5MiB / 31.15GiB,2.16%,123MB / 9.21MB,647kB / 8.09MB,54
1755872804.960565494,f8cd685deea1,multi-proxy2,399.86%,968.8MiB / 31.15GiB,3.04%,204MB / 15.7MB,213kB / 24.2MB,54
1755872808.515117840,87ffcb507c59,multi-proxy0,660.29%,775.9MiB / 31.15GiB,2.43%,178MB / 3.6MB,1.95MB / 0B,55
1755872808.515117840,4ab2f4d499aa,multi-proxy1,309.14%,689.9MiB / 31.15GiB,2.16%,123MB / 9.36MB,647kB / 8.66MB,54
1755872808.515117840,f8cd685deea1,multi-proxy2,424.22%,975.6MiB / 31.15GiB,3.06%,206MB / 15.7MB,233kB / 24.5MB,54
1755872812.096445382,87ffcb507c59,multi-proxy0,685.91%,812.9MiB / 31.15GiB,2.55%,179MB / 3.63MB,2.03MB / 0B,55
1755872812.096445382,4ab2f4d499aa,multi-proxy1,343.69%,720.4MiB / 31.15GiB,2.26%,124MB / 9.51MB,647kB / 9.07MB,54
1755872812.096445382,f8cd685deea1,multi-proxy2,446.50%,979.3MiB / 31.15GiB,3.07%,206MB / 15.7MB,233kB / 24.8MB,54
1755872815.665737754,87ffcb507c59,multi-proxy0,601.64%,816MiB / 31.15GiB,2.56%,180MB / 3.66MB,2.12MB / 0B,55
1755872815.665737754,4ab2f4d499aa,multi-proxy1,364.82%,724.9MiB / 31.15GiB,2.27%,125MB / 9.73MB,836kB / 9.69MB,54
1755872815.665737754,f8cd685deea1,multi-proxy2,491.32%,985.8MiB / 31.15GiB,3.09%,207MB / 15.8MB,651kB / 25.1MB,54
1755872819.218243434,87ffcb507c59,multi-proxy0,635.73%,818.1MiB / 31.15GiB,2.56%,181MB / 3.68MB,2.12MB / 0B,55
1755872819.218243434,4ab2f4d499aa,multi-proxy1,374.99%,700MiB / 31.15GiB,2.19%,125MB / 9.95MB,881kB / 10.1MB,54
1755872819.218243434,f8cd685deea1,multi-proxy2,414.56%,988.6MiB / 31.15GiB,3.10%,208MB / 15.8MB,692kB / 25.6MB,54
1755872822.772270887,87ffcb507c59,multi-proxy0,694.35%,787.5MiB / 31.15GiB,2.47%,183MB / 3.72MB,2.12MB / 0B,55
1755872822.772270887,4ab2f4d499aa,multi-proxy1,450.85%,703.2MiB / 31.15GiB,2.20%,126MB / 10.1MB,881kB / 10.8MB,54
1755872822.772270887,f8cd685deea1,multi-proxy2,348.07%,992.2MiB / 31.15GiB,3.11%,209MB / 15.8MB,692kB / 25.8MB,54
1755872826.314690948,87ffcb507c59,multi-proxy0,725.18%,825.5MiB / 31.15GiB,2.59%,184MB / 3.75MB,2.12MB / 0B,55
1755872826.314690948,4ab2f4d499aa,multi-proxy1,317.50%,733.6MiB / 31.15GiB,2.30%,126MB / 10.3MB,885kB / 11.3MB,54
1755872826.314690948,f8cd685deea1,multi-proxy2,367.98%,993.4MiB / 31.15GiB,3.11%,210MB / 15.8MB,696kB / 26.1MB,54
1755872829.866080286,87ffcb507c59,multi-proxy0,622.42%,828.1MiB / 31.15GiB,2.60%,185MB / 3.78MB,2.12MB / 0B,55
1755872829.866080286,4ab2f4d499aa,multi-proxy1,390.14%,738.1MiB / 31.15GiB,2.31%,127MB / 10.4MB,885kB / 11.8MB,54
1755872829.866080286,f8cd685deea1,multi-proxy2,370.07%,998MiB / 31.15GiB,3.13%,211MB / 15.9MB,696kB / 26.6MB,54
1755872833.420031020,87ffcb507c59,multi-proxy0,447.95%,794.9MiB / 31.15GiB,2.49%,186MB / 3.81MB,2.12MB / 0B,55
1755872833.420031020,4ab2f4d499aa,multi-proxy1,358.74%,744MiB / 31.15GiB,2.33%,127MB / 10.6MB,885kB / 12.4MB,54
1755872833.420031020,f8cd685deea1,multi-proxy2,370.73%,999.4MiB / 31.15GiB,3.13%,212MB / 16.1MB,696kB / 27.1MB,54
1755872836.980820728,87ffcb507c59,multi-proxy0,482.04%,798.8MiB / 31.15GiB,2.50%,188MB / 3.85MB,2.12MB / 0B,55
1755872836.980820728,4ab2f4d499aa,multi-proxy1,444.85%,718.3MiB / 31.15GiB,2.25%,128MB / 10.8MB,987kB / 12.9MB,54
1755872836.980820728,f8cd685deea1,multi-proxy2,332.57%,1003MiB / 31.15GiB,3.14%,212MB / 16.2MB,696kB / 27.6MB,54
1755872840.534447761,87ffcb507c59,multi-proxy0,650.28%,835.4MiB / 31.15GiB,2.62%,188MB / 3.87MB,2.12MB / 0B,55
1755872840.534447761,4ab2f4d499aa,multi-proxy1,405.62%,722.2MiB / 31.15GiB,2.26%,129MB / 10.9MB,987kB / 13.5MB,54
1755872840.534447761,f8cd685deea1,multi-proxy2,372.43%,1006MiB / 31.15GiB,3.15%,213MB / 16.4MB,705kB / 28.3MB,54
1755872844.109430721,87ffcb507c59,multi-proxy0,680.97%,837.4MiB / 31.15GiB,2.62%,189MB / 3.9MB,2.12MB / 0B,55
1755872844.109430721,4ab2f4d499aa,multi-proxy1,470.54%,752.7MiB / 31.15GiB,2.36%,129MB / 11MB,987kB / 13.9MB,54
1755872844.109430721,f8cd685deea1,multi-proxy2,351.94%,1007MiB / 31.15GiB,3.16%,214MB / 16.5MB,705kB / 29MB,54
1755872847.674887869,87ffcb507c59,multi-proxy0,766.85%,838.2MiB / 31.15GiB,2.63%,190MB / 3.92MB,2.12MB / 0B,55
1755872847.674887869,4ab2f4d499aa,multi-proxy1,422.58%,754.8MiB / 31.15GiB,2.37%,130MB / 11MB,987kB / 14.1MB,54
1755872847.674887869,f8cd685deea1,multi-proxy2,378.30%,1009MiB / 31.15GiB,3.16%,214MB / 16.6MB,705kB / 29.4MB,54
1755872851.229635511,87ffcb507c59,multi-proxy0,674.76%,802.9MiB / 31.15GiB,2.52%,191MB / 3.94MB,2.12MB / 0B,55
1755872851.229635511,4ab2f4d499aa,multi-proxy1,432.56%,757MiB / 31.15GiB,2.37%,131MB / 11MB,987kB / 14.2MB,54
1755872851.229635511,f8cd685deea1,multi-proxy2,431.68%,1011MiB / 31.15GiB,3.17%,215MB / 16.6MB,705kB / 29.7MB,54
1755872854.775135526,87ffcb507c59,multi-proxy0,629.22%,804.1MiB / 31.15GiB,2.52%,192MB / 3.95MB,2.12MB / 0B,55
1755872854.775135526,4ab2f4d499aa,multi-proxy1,361.24%,787.4MiB / 31.15GiB,2.47%,131MB / 11MB,987kB / 14.3MB,54
1755872854.775135526,f8cd685deea1,multi-proxy2,374.79%,1012MiB / 31.15GiB,3.17%,216MB / 16.7MB,705kB / 30.2MB,54
1755872858.325971996,87ffcb507c59,multi-proxy0,678.79%,805.9MiB / 31.15GiB,2.53%,193MB / 3.96MB,2.12MB / 0B,55
1755872858.325971996,4ab2f4d499aa,multi-proxy1,373.58%,791.9MiB / 31.15GiB,2.48%,132MB / 11.1MB,987kB / 14.5MB,54
1755872858.325971996,f8cd685deea1,multi-proxy2,399.71%,1013MiB / 31.15GiB,3.18%,217MB / 16.7MB,705kB / 30.6MB,54
1755872861.873757178,87ffcb507c59,multi-proxy0,774.26%,844.9MiB / 31.15GiB,2.65%,194MB / 4.11MB,2.12MB / 0B,55
1755872861.873757178,4ab2f4d499aa,multi-proxy1,359.49%,793.1MiB / 31.15GiB,2.49%,133MB / 11.3MB,991kB / 14.9MB,54
1755872861.873757178,f8cd685deea1,multi-proxy2,456.97%,1.003GiB / 31.15GiB,3.22%,217MB / 16.9MB,705kB / 31MB,54
1755872865.444858850,87ffcb507c59,multi-proxy0,573.86%,846.2MiB / 31.15GiB,2.65%,194MB / 4.17MB,2.12MB / 0B,55
1755872865.444858850,4ab2f4d499aa,multi-proxy1,476.85%,768.1MiB / 31.15GiB,2.41%,134MB / 11.3MB,991kB / 15MB,54
1755872865.444858850,f8cd685deea1,multi-proxy2,523.32%,1021MiB / 31.15GiB,3.20%,218MB / 17.1MB,705kB / 31.7MB,54
1755872868.012059274,87ffcb507c59,multi-proxy0,645.75%,846.3MiB / 31.15GiB,2.65%,196MB / 4.3MB,2.12MB / 0B,55
1755872868.012059274,4ab2f4d499aa,multi-proxy1,487.76%,800.6MiB / 31.15GiB,2.51%,135MB / 11.4MB,1.18MB / 15.1MB,54
1755872868.012059274,f8cd685deea1,multi-proxy2,360.43%,1023MiB / 31.15GiB,3.21%,219MB / 17.4MB,770kB / 32.1MB,54
1755872871.574864815,87ffcb507c59,multi-proxy0,680.52%,858.1MiB / 31.15GiB,2.69%,196MB / 4.33MB,2.12MB / 0B,55
1755872871.574864815,4ab2f4d499aa,multi-proxy1,582.88%,805MiB / 31.15GiB,2.52%,136MB / 11.5MB,1.18MB / 15.3MB,54
1755872871.574864815,f8cd685deea1,multi-proxy2,487.65%,1GiB / 31.15GiB,3.21%,219MB / 17.5MB,864kB / 33.1MB,54
1755872875.151178642,87ffcb507c59,multi-proxy0,731.45%,858.5MiB / 31.15GiB,2.69%,197MB / 4.35MB,2.12MB / 0B,55
1755872875.151178642,4ab2f4d499aa,multi-proxy1,497.47%,806.7MiB / 31.15GiB,2.53%,136MB / 11.5MB,1.4MB / 15.3MB,54
1755872875.151178642,f8cd685deea1,multi-proxy2,435.68%,1.003GiB / 31.15GiB,3.22%,220MB / 17.7MB,913kB / 33.8MB,54
1755872877.717460653,87ffcb507c59,multi-proxy0,580.75%,859.5MiB / 31.15GiB,2.69%,198MB / 4.36MB,2.12MB / 0B,55
1755872877.717460653,4ab2f4d499aa,multi-proxy1,598.00%,809.9MiB / 31.15GiB,2.54%,137MB / 11.5MB,1.4MB / 15.5MB,54
1755872877.717460653,f8cd685deea1,multi-proxy2,381.97%,1.004GiB / 31.15GiB,3.22%,221MB / 17.7MB,913kB / 34.3MB,54
1755872881.276448249,87ffcb507c59,multi-proxy0,558.11%,860.9MiB / 31.15GiB,2.70%,199MB / 4.37MB,2.12MB / 0B,55
1755872881.276448249,4ab2f4d499aa,multi-proxy1,484.53%,782.1MiB / 31.15GiB,2.45%,138MB / 11.5MB,1.66MB / 15.6MB,54
1755872881.276448249,f8cd685deea1,multi-proxy2,354.19%,1.008GiB / 31.15GiB,3.24%,222MB / 17.9MB,1.14MB / 35.4MB,54
1755872884.816558188,87ffcb507c59,multi-proxy0,544.77%,823.2MiB / 31.15GiB,2.58%,200MB / 4.38MB,2.14MB / 0B,55
1755872884.816558188,4ab2f4d499aa,multi-proxy1,589.59%,814.9MiB / 31.15GiB,2.55%,139MB / 11.5MB,1.83MB / 15.8MB,54
1755872884.816558188,f8cd685deea1,multi-proxy2,328.93%,1.01GiB / 31.15GiB,3.24%,223MB / 18.1MB,1.24MB / 36.1MB,54
1755872888.373969286,87ffcb507c59,multi-proxy0,601.53%,862.1MiB / 31.15GiB,2.70%,201MB / 4.39MB,2.14MB / 0B,55
1755872888.373969286,4ab2f4d499aa,multi-proxy1,535.99%,846.9MiB / 31.15GiB,2.65%,140MB / 11.6MB,1.87MB / 15.9MB,54
1755872888.373969286,f8cd685deea1,multi-proxy2,350.93%,1.01GiB / 31.15GiB,3.24%,223MB / 18.2MB,1.25MB / 36.7MB,54
1755872891.924908429,87ffcb507c59,multi-proxy0,569.37%,858.8MiB / 31.15GiB,2.69%,202MB / 4.4MB,2.15MB / 0B,55
1755872891.924908429,4ab2f4d499aa,multi-proxy1,584.90%,845.7MiB / 31.15GiB,2.65%,141MB / 11.6MB,1.87MB / 16.1MB,54
1755872891.924908429,f8cd685deea1,multi-proxy2,450.66%,1.043GiB / 31.15GiB,3.35%,224MB / 18.4MB,1.25MB / 37.6MB,54
1755872895.500936060,87ffcb507c59,multi-proxy0,735.33%,831.1MiB / 31.15GiB,2.61%,203MB / 4.54MB,2.15MB / 0B,55
1755872895.500936060,4ab2f4d499aa,multi-proxy1,701.13%,814.1MiB / 31.15GiB,2.55%,142MB / 11.7MB,1.87MB / 16.2MB,54
1755872895.500936060,f8cd685deea1,multi-proxy2,387.86%,1.01GiB / 31.15GiB,3.24%,225MB / 18.6MB,1.29MB / 38.7MB,54
1755872899.069797644,87ffcb507c59,multi-proxy0,564.22%,831.8MiB / 31.15GiB,2.61%,204MB / 4.58MB,2.15MB / 0B,55
1755872899.069797644,4ab2f4d499aa,multi-proxy1,698.52%,817.8MiB / 31.15GiB,2.56%,143MB / 11.8MB,1.87MB / 16.4MB,54
1755872899.069797644,f8cd685deea1,multi-proxy2,444.08%,1.011GiB / 31.15GiB,3.25%,226MB / 18.8MB,1.29MB / 39.3MB,54
1755872902.678586206,87ffcb507c59,multi-proxy0,572.02%,835.2MiB / 31.15GiB,2.62%,205MB / 4.6MB,2.15MB / 0B,55
1755872902.678586206,4ab2f4d499aa,multi-proxy1,665.40%,819.6MiB / 31.15GiB,2.57%,144MB / 11.8MB,1.87MB / 16.5MB,54
1755872902.678586206,f8cd685deea1,multi-proxy2,349.33%,1.012GiB / 31.15GiB,3.25%,227MB / 19MB,1.29MB / 40.1MB,54
1755872906.241462327,87ffcb507c59,multi-proxy0,633.99%,877.4MiB / 31.15GiB,2.75%,206MB / 4.62MB,2.15MB / 0B,55
1755872906.241462327,4ab2f4d499aa,multi-proxy1,558.69%,856.3MiB / 31.15GiB,2.68%,145MB / 11.8MB,1.87MB / 16.7MB,54
1755872906.241462327,f8cd685deea1,multi-proxy2,369.89%,1.017GiB / 31.15GiB,3.26%,228MB / 19.2MB,1.29MB / 41.1MB,54
1755872909.801323563,87ffcb507c59,multi-proxy0,624.32%,879.4MiB / 31.15GiB,2.76%,207MB / 4.64MB,2.15MB / 0B,55
1755872909.801323563,4ab2f4d499aa,multi-proxy1,687.95%,859.5MiB / 31.15GiB,2.69%,146MB / 11.9MB,1.87MB / 16.8MB,54
1755872909.801323563,f8cd685deea1,multi-proxy2,367.86%,1.019GiB / 31.15GiB,3.27%,228MB / 19.3MB,1.29MB / 41.9MB,54
1755872913.367480635,87ffcb507c59,multi-proxy0,437.03%,878.8MiB / 31.15GiB,2.75%,208MB / 4.65MB,2.15MB / 0B,55
1755872913.367480635,4ab2f4d499aa,multi-proxy1,779.67%,829.5MiB / 31.15GiB,2.60%,148MB / 11.9MB,1.87MB / 16.9MB,54
1755872913.367480635,f8cd685deea1,multi-proxy2,467.13%,1.024GiB / 31.15GiB,3.29%,229MB / 19.5MB,1.29MB / 43.3MB,54
1755872916.930441921,87ffcb507c59,multi-proxy0,616.26%,842.9MiB / 31.15GiB,2.64%,210MB / 4.85MB,2.15MB / 0B,55
1755872916.930441921,4ab2f4d499aa,multi-proxy1,646.42%,830.1MiB / 31.15GiB,2.60%,149MB / 12.1MB,1.87MB / 17.1MB,54
1755872916.930441921,f8cd685deea1,multi-proxy2,417.01%,1.026GiB / 31.15GiB,3.29%,230MB / 19.7MB,1.29MB / 43.9MB,54
1755872920.500777403,87ffcb507c59,multi-proxy0,686.93%,884.9MiB / 31.15GiB,2.77%,211MB / 4.92MB,2.15MB / 0B,55
1755872920.500777403,4ab2f4d499aa,multi-proxy1,599.14%,865.5MiB / 31.15GiB,2.71%,149MB / 12.1MB,1.88MB / 17.2MB,54
1755872920.500777403,f8cd685deea1,multi-proxy2,391.01%,1.03GiB / 31.15GiB,3.31%,231MB / 20MB,1.29MB / 44.9MB,54
1755872924.092934754,87ffcb507c59,multi-proxy0,667.14%,887.2MiB / 31.15GiB,2.78%,212MB / 5.08MB,2.15MB / 0B,55
1755872924.092934754,4ab2f4d499aa,multi-proxy1,673.87%,837.4MiB / 31.15GiB,2.63%,151MB / 12.3MB,1.88MB / 17.4MB,54
1755872924.092934754,f8cd685deea1,multi-proxy2,429.01%,1.034GiB / 31.15GiB,3.32%,232MB / 20.3MB,1.29MB / 46.4MB,54
1755872927.653211303,87ffcb507c59,multi-proxy0,551.45%,847.8MiB / 31.15GiB,2.66%,214MB / 5.19MB,2.15MB / 0B,55
1755872927.653211303,4ab2f4d499aa,multi-proxy1,651.59%,874.8MiB / 31.15GiB,2.74%,152MB / 12.5MB,1.88MB / 17.6MB,54
1755872927.653211303,f8cd685deea1,multi-proxy2,386.02%,1.037GiB / 31.15GiB,3.33%,233MB / 20.6MB,1.29MB / 47.3MB,54
1755872931.215616485,87ffcb507c59,multi-proxy0,506.63%,891.6MiB / 31.15GiB,2.80%,215MB / 5.29MB,2.15MB / 0B,55
1755872931.215616485,4ab2f4d499aa,multi-proxy1,617.44%,845.9MiB / 31.15GiB,2.65%,153MB / 12.6MB,1.88MB / 17.7MB,54
1755872931.215616485,f8cd685deea1,multi-proxy2,550.89%,1.043GiB / 31.15GiB,3.35%,234MB / 20.9MB,1.29MB / 48.4MB,54
1755872934.780086834,87ffcb507c59,multi-proxy0,283.50%,852.3MiB / 31.15GiB,2.67%,217MB / 5.38MB,2.16MB / 12.3kB,55
1755872934.780086834,4ab2f4d499aa,multi-proxy1,714.04%,881.5MiB / 31.15GiB,2.76%,154MB / 12.6MB,1.88MB / 17.8MB,54
1755872934.780086834,f8cd685deea1,multi-proxy2,414.91%,1.044GiB / 31.15GiB,3.35%,234MB / 21MB,1.29MB / 49.4MB,54
1755872938.331264152,87ffcb507c59,multi-proxy0,203.01%,897.9MiB / 31.15GiB,2.81%,218MB / 5.4MB,2.16MB / 41kB,55
1755872938.331264152,4ab2f4d499aa,multi-proxy1,817.53%,886.9MiB / 31.15GiB,2.78%,155MB / 12.7MB,1.88MB / 18MB,54
1755872938.331264152,f8cd685deea1,multi-proxy2,429.85%,1.049GiB / 31.15GiB,3.37%,235MB / 21.2MB,1.29MB / 50.5MB,54
1755872941.881895620,87ffcb507c59,multi-proxy0,238.08%,864.2MiB / 31.15GiB,2.71%,218MB / 5.42MB,2.16MB / 69.6kB,55
1755872941.881895620,4ab2f4d499aa,multi-proxy1,874.86%,891.4MiB / 31.15GiB,2.79%,156MB / 12.7MB,1.88MB / 18.1MB,54
1755872941.881895620,f8cd685deea1,multi-proxy2,533.33%,1.056GiB / 31.15GiB,3.39%,236MB / 21.4MB,1.29MB / 51.8MB,54
1755872945.442356074,87ffcb507c59,multi-proxy0,253.91%,906.8MiB / 31.15GiB,2.84%,219MB / 5.44MB,2.16MB / 102kB,55
1755872945.442356074,4ab2f4d499aa,multi-proxy1,767.85%,917.1MiB / 31.15GiB,2.87%,157MB / 12.7MB,1.88MB / 18.3MB,54
1755872945.442356074,f8cd685deea1,multi-proxy2,458.36%,1.061GiB / 31.15GiB,3.41%,238MB / 21.5MB,1.29MB / 52.9MB,54
1755872949.021327287,87ffcb507c59,multi-proxy0,241.34%,869MiB / 31.15GiB,2.72%,221MB / 5.47MB,2.16MB / 143kB,55
1755872949.021327287,4ab2f4d499aa,multi-proxy1,729.03%,917.5MiB / 31.15GiB,2.88%,158MB / 12.7MB,1.88MB / 18.4MB,54
1755872949.021327287,f8cd685deea1,multi-proxy2,484.48%,1.065GiB / 31.15GiB,3.42%,239MB / 21.6MB,1.29MB / 54.1MB,54
1755872952.588878425,87ffcb507c59,multi-proxy0,243.96%,914.3MiB / 31.15GiB,2.87%,222MB / 5.48MB,2.16MB / 184kB,55
1755872952.588878425,4ab2f4d499aa,multi-proxy1,762.38%,890.2MiB / 31.15GiB,2.79%,159MB / 12.8MB,1.88MB / 18.6MB,58
1755872952.588878425,f8cd685deea1,multi-proxy2,448.17%,1.069GiB / 31.15GiB,3.43%,240MB / 21.8MB,1.29MB / 55.7MB,54
1755872956.167038266,87ffcb507c59,multi-proxy0,239.33%,917.9MiB / 31.15GiB,2.88%,223MB / 5.51MB,2.16MB / 217kB,55
1755872956.167038266,4ab2f4d499aa,multi-proxy1,847.38%,928.7MiB / 31.15GiB,2.91%,160MB / 12.8MB,1.88MB / 18.7MB,58
1755872956.167038266,f8cd685deea1,multi-proxy2,400.72%,1.072GiB / 31.15GiB,3.44%,240MB / 21.9MB,1.29MB / 56.5MB,54
1755872959.724869996,87ffcb507c59,multi-proxy0,238.53%,924.6MiB / 31.15GiB,2.90%,224MB / 5.53MB,2.16MB / 287kB,55
1755872959.724869996,4ab2f4d499aa,multi-proxy1,750.04%,933.8MiB / 31.15GiB,2.93%,161MB / 12.8MB,1.88MB / 18.9MB,58
1755872959.724869996,f8cd685deea1,multi-proxy2,488.84%,1.077GiB / 31.15GiB,3.46%,241MB / 22MB,1.29MB / 57.7MB,54
1755872963.289844850,87ffcb507c59,multi-proxy0,208.08%,925.4MiB / 31.15GiB,2.90%,224MB / 5.54MB,2.16MB / 315kB,55
1755872963.289844850,4ab2f4d499aa,multi-proxy1,844.21%,900.6MiB / 31.15GiB,2.82%,162MB / 12.8MB,1.88MB / 19MB,58
1755872963.289844850,f8cd685deea1,multi-proxy2,510.48%,1.083GiB / 31.15GiB,3.48%,242MB / 22.2MB,1.29MB / 59.2MB,54
1755872966.841170718,87ffcb507c59,multi-proxy0,175.27%,883.4MiB / 31.15GiB,2.77%,225MB / 5.55MB,2.16MB / 369kB,55
1755872966.841170718,4ab2f4d499aa,multi-proxy1,881.19%,903.3MiB / 31.15GiB,2.83%,163MB / 12.8MB,1.88MB / 19.2MB,58
1755872966.841170718,f8cd685deea1,multi-proxy2,430.51%,1.101GiB / 31.15GiB,3.53%,243MB / 22.3MB,1.29MB / 60.4MB,54
1755872970.412514977,87ffcb507c59,multi-proxy0,152.93%,926.4MiB / 31.15GiB,2.90%,225MB / 5.55MB,2.16MB / 393kB,55
1755872970.412514977,4ab2f4d499aa,multi-proxy1,846.03%,905.1MiB / 31.15GiB,2.84%,164MB / 12.9MB,1.88MB / 19.3MB,58
1755872970.412514977,f8cd685deea1,multi-proxy2,427.37%,1.086GiB / 31.15GiB,3.49%,243MB / 22.5MB,1.29MB / 61.8MB,54
1755872973.978246815,87ffcb507c59,multi-proxy0,150.32%,883.4MiB / 31.15GiB,2.77%,225MB / 5.55MB,2.16MB / 418kB,55
1755872973.978246815,4ab2f4d499aa,multi-proxy1,944.59%,906.1MiB / 31.15GiB,2.84%,165MB / 12.9MB,1.88MB / 19.4MB,58
1755872973.978246815,f8cd685deea1,multi-proxy2,428.41%,1.087GiB / 31.15GiB,3.49%,243MB / 22.6MB,1.29MB / 63.2MB,54
1755872976.548741598,87ffcb507c59,multi-proxy0,141.29%,883.5MiB / 31.15GiB,2.77%,225MB / 5.56MB,2.16MB / 451kB,55
1755872976.548741598,4ab2f4d499aa,multi-proxy1,908.20%,946.5MiB / 31.15GiB,2.97%,166MB / 12.9MB,1.88MB / 19.5MB,58
1755872976.548741598,f8cd685deea1,multi-proxy2,402.81%,1.088GiB / 31.15GiB,3.49%,243MB / 22.7MB,1.29MB / 63.9MB,54
1755872980.123928809,87ffcb507c59,multi-proxy0,163.99%,883.8MiB / 31.15GiB,2.77%,225MB / 5.56MB,2.16MB / 467kB,55
1755872980.123928809,4ab2f4d499aa,multi-proxy1,814.20%,947.5MiB / 31.15GiB,2.97%,168MB / 12.9MB,1.88MB / 19.7MB,58
1755872980.123928809,f8cd685deea1,multi-proxy2,440.23%,1.089GiB / 31.15GiB,3.49%,243MB / 22.9MB,1.29MB / 66MB,54
1755872983.687356923,87ffcb507c59,multi-proxy0,153.20%,926.8MiB / 31.15GiB,2.91%,225MB / 5.56MB,2.16MB / 508kB,55
1755872983.687356923,4ab2f4d499aa,multi-proxy1,803.64%,952MiB / 31.15GiB,2.98%,169MB / 13MB,1.88MB / 19.9MB,58
1755872983.687356923,f8cd685deea1,multi-proxy2,455.00%,1.091GiB / 31.15GiB,3.50%,243MB / 23MB,1.29MB / 66.7MB,54
1755872987.236365826,87ffcb507c59,multi-proxy0,136.69%,884MiB / 31.15GiB,2.77%,225MB / 5.56MB,2.16MB / 532kB,55
1755872987.236365826,4ab2f4d499aa,multi-proxy1,813.47%,917MiB / 31.15GiB,2.87%,170MB / 13MB,1.88MB / 20MB,58
1755872987.236365826,f8cd685deea1,multi-proxy2,431.07%,1.091GiB / 31.15GiB,3.50%,243MB / 23.2MB,1.29MB / 68.2MB,54
1755872990.784341405,87ffcb507c59,multi-proxy0,147.78%,883.8MiB / 31.15GiB,2.77%,225MB / 5.56MB,2.16MB / 565kB,55
1755872990.784341405,4ab2f4d499aa,multi-proxy1,616.62%,921.8MiB / 31.15GiB,2.89%,171MB / 13MB,1.88MB / 20.2MB,58
1755872990.784341405,f8cd685deea1,multi-proxy2,404.52%,1.092GiB / 31.15GiB,3.51%,243MB / 23.3MB,1.29MB / 69.6MB,54
1755872994.330030861,87ffcb507c59,multi-proxy0,150.81%,926.5MiB / 31.15GiB,2.90%,225MB / 5.57MB,2.16MB / 590kB,55
1755872994.330030861,4ab2f4d499aa,multi-proxy1,405.28%,963.4MiB / 31.15GiB,3.02%,172MB / 13MB,1.88MB / 20.3MB,58
1755872994.330030861,f8cd685deea1,multi-proxy2,486.33%,1.093GiB / 31.15GiB,3.51%,243MB / 23.4MB,1.29MB / 71.2MB,54
1755872997.875312757,87ffcb507c59,multi-proxy0,156.77%,926.2MiB / 31.15GiB,2.90%,225MB / 5.57MB,2.16MB / 623kB,55
1755872997.875312757,4ab2f4d499aa,multi-proxy1,283.77%,933MiB / 31.15GiB,2.92%,173MB / 13.1MB,1.88MB / 20.4MB,58
1755872997.875312757,f8cd685deea1,multi-proxy2,445.55%,1.095GiB / 31.15GiB,3.52%,243MB / 23.6MB,1.29MB / 73.4MB,54
1755873001.429921336,87ffcb507c59,multi-proxy0,165.38%,883.1MiB / 31.15GiB,2.77%,225MB / 5.57MB,2.16MB / 647kB,55
1755873001.429921336,4ab2f4d499aa,multi-proxy1,369.13%,976.2MiB / 31.15GiB,3.06%,175MB / 13.1MB,1.88MB / 20.7MB,58
1755873001.429921336,f8cd685deea1,multi-proxy2,440.10%,1.095GiB / 31.15GiB,3.52%,243MB / 23.7MB,1.29MB / 74.2MB,54
1755873004.993539862,87ffcb507c59,multi-proxy0,138.50%,926MiB / 31.15GiB,2.90%,225MB / 5.57MB,2.16MB / 672kB,55
1755873004.993539862,4ab2f4d499aa,multi-proxy1,346.75%,941.4MiB / 31.15GiB,2.95%,176MB / 13.2MB,1.88MB / 20.8MB,58
1755873004.993539862,f8cd685deea1,multi-proxy2,454.25%,1.096GiB / 31.15GiB,3.52%,243MB / 23.9MB,1.29MB / 76.6MB,54
1755873008.543962520,87ffcb507c59,multi-proxy0,167.09%,882.9MiB / 31.15GiB,2.77%,225MB / 5.57MB,2.16MB / 713kB,55
1755873008.543962520,4ab2f4d499aa,multi-proxy1,404.32%,946.6MiB / 31.15GiB,2.97%,177MB / 13.2MB,1.88MB / 21MB,58
1755873008.543962520,f8cd685deea1,multi-proxy2,410.81%,1.096GiB / 31.15GiB,3.52%,243MB / 24MB,1.29MB / 77.4MB,54
1755873012.106227492,87ffcb507c59,multi-proxy0,156.98%,882.7MiB / 31.15GiB,2.77%,225MB / 5.57MB,2.16MB / 729kB,55
1755873012.106227492,4ab2f4d499aa,multi-proxy1,344.69%,947.6MiB / 31.15GiB,2.97%,178MB / 13.2MB,1.88MB / 21.1MB,58
1755873012.106227492,f8cd685deea1,multi-proxy2,517.21%,1.096GiB / 31.15GiB,3.52%,243MB / 24.2MB,1.31MB / 79.1MB,54
1755873014.656899994,87ffcb507c59,multi-proxy0,159.35%,925.6MiB / 31.15GiB,2.90%,225MB / 5.57MB,2.16MB / 754kB,55
1755873014.656899994,4ab2f4d499aa,multi-proxy1,379.50%,989.7MiB / 31.15GiB,3.10%,179MB / 13.2MB,1.88MB / 21.3MB,58
1755873014.656899994,f8cd685deea1,multi-proxy2,460.86%,1.098GiB / 31.15GiB,3.53%,243MB / 24.3MB,1.31MB / 80.6MB,54
1755873017.206924914,87ffcb507c59,multi-proxy0,135.15%,882.2MiB / 31.15GiB,2.77%,225MB / 5.58MB,2.16MB / 778kB,55
1755873017.206924914,4ab2f4d499aa,multi-proxy1,392.31%,956.4MiB / 31.15GiB,3.00%,180MB / 13.3MB,1.88MB / 21.5MB,58
1755873017.206924914,f8cd685deea1,multi-proxy2,432.53%,1.1GiB / 31.15GiB,3.53%,243MB / 24.4MB,1.31MB / 81.6MB,54
1755873020.744216732,87ffcb507c59,multi-proxy0,142.63%,881.8MiB / 31.15GiB,2.76%,225MB / 5.58MB,2.16MB / 811kB,55
1755873020.744216732,4ab2f4d499aa,multi-proxy1,407.57%,957.2MiB / 31.15GiB,3.00%,181MB / 13.3MB,1.88MB / 21.7MB,58
1755873020.744216732,f8cd685deea1,multi-proxy2,446.48%,1.102GiB / 31.15GiB,3.54%,243MB / 24.6MB,1.31MB / 83.2MB,54
1755873024.289388076,87ffcb507c59,multi-proxy0,142.89%,924.6MiB / 31.15GiB,2.90%,225MB / 5.58MB,2.16MB / 836kB,55
1755873024.289388076,4ab2f4d499aa,multi-proxy1,306.23%,958.4MiB / 31.15GiB,3.00%,182MB / 13.3MB,1.88MB / 21.8MB,58
1755873024.289388076,f8cd685deea1,multi-proxy2,465.10%,1.102GiB / 31.15GiB,3.54%,243MB / 24.7MB,1.31MB / 85MB,54
1755873027.835030320,87ffcb507c59,multi-proxy0,161.02%,881.3MiB / 31.15GiB,2.76%,225MB / 5.58MB,2.16MB / 860kB,55
1755873027.835030320,4ab2f4d499aa,multi-proxy1,448.57%,1002MiB / 31.15GiB,3.14%,184MB / 13.4MB,1.88MB / 22.1MB,58
1755873027.835030320,f8cd685deea1,multi-proxy2,501.92%,1.102GiB / 31.15GiB,3.54%,243MB / 24.9MB,1.31MB / 87.5MB,54
1755873031.388435472,87ffcb507c59,multi-proxy0,147.35%,881.2MiB / 31.15GiB,2.76%,225MB / 5.69MB,2.16MB / 893kB,55
1755873031.388435472,4ab2f4d499aa,multi-proxy1,449.32%,965.3MiB / 31.15GiB,3.03%,185MB / 13.5MB,1.89MB / 22.3MB,58
1755873031.388435472,f8cd685deea1,multi-proxy2,499.96%,1.102GiB / 31.15GiB,3.54%,243MB / 25.1MB,1.31MB / 88.6MB,54
1755873034.935231625,87ffcb507c59,multi-proxy0,152.20%,923.9MiB / 31.15GiB,2.90%,225MB / 5.75MB,2.16MB / 918kB,55
1755873034.935231625,4ab2f4d499aa,multi-proxy1,432.19%,1007MiB / 31.15GiB,3.16%,185MB / 13.6MB,1.89MB / 22.4MB,58
1755873034.935231625,f8cd685deea1,multi-proxy2,504.77%,1.103GiB / 31.15GiB,3.54%,243MB / 25.3MB,1.31MB / 90.4MB,54
1755873037.497102475,87ffcb507c59,multi-proxy0,135.67%,923.9MiB / 31.15GiB,2.90%,225MB / 5.85MB,2.16MB / 942kB,55
1755873037.497102475,4ab2f4d499aa,multi-proxy1,391.66%,968.5MiB / 31.15GiB,3.04%,186MB / 13.7MB,1.89MB / 22.6MB,58
1755873037.497102475,f8cd685deea1,multi-proxy2,462.62%,1.103GiB / 31.15GiB,3.54%,243MB / 25.6MB,1.31MB / 92.2MB,54
1755873041.062792481,87ffcb507c59,multi-proxy0,150.60%,895.7MiB / 31.15GiB,2.81%,225MB / 5.97MB,2.16MB / 975kB,55
1755873041.062792481,4ab2f4d499aa,multi-proxy1,396.17%,969.5MiB / 31.15GiB,3.04%,188MB / 13.9MB,1.89MB / 22.9MB,58
1755873041.062792481,f8cd685deea1,multi-proxy2,521.73%,1.104GiB / 31.15GiB,3.54%,244MB / 25.8MB,1.31MB / 93.3MB,54
1755873044.626660336,87ffcb507c59,multi-proxy0,150.62%,895.8MiB / 31.15GiB,2.81%,225MB / 6MB,2.16MB / 1.01MB,55
1755873044.626660336,4ab2f4d499aa,multi-proxy1,307.67%,971.9MiB / 31.15GiB,3.05%,189MB / 13.9MB,1.9MB / 23.1MB,58
1755873044.626660336,f8cd685deea1,multi-proxy2,476.73%,1.105GiB / 31.15GiB,3.55%,244MB / 26MB,1.31MB / 95.9MB,54
1755873048.180552834,87ffcb507c59,multi-proxy0,140.20%,938.1MiB / 31.15GiB,2.94%,225MB / 6.03MB,2.16MB / 1.03MB,55
1755873048.180552834,4ab2f4d499aa,multi-proxy1,361.50%,972.7MiB / 31.15GiB,3.05%,190MB / 13.9MB,1.9MB / 23.2MB,58
1755873048.180552834,f8cd685deea1,multi-proxy2,444.20%,1.106GiB / 31.15GiB,3.55%,244MB / 26.1MB,1.31MB / 98MB,54
1755873051.726078622,87ffcb507c59,multi-proxy0,154.56%,938.3MiB / 31.15GiB,2.94%,225MB / 6.05MB,2.16MB / 1.06MB,55
1755873051.726078622,4ab2f4d499aa,multi-proxy1,380.93%,973.3MiB / 31.15GiB,3.05%,191MB / 14MB,1.9MB / 23.4MB,58
1755873051.726078622,f8cd685deea1,multi-proxy2,489.85%,1.107GiB / 31.15GiB,3.55%,244MB / 26.3MB,1.31MB / 99MB,54
1755873055.269245238,87ffcb507c59,multi-proxy0,150.66%,894.6MiB / 31.15GiB,2.80%,225MB / 6.07MB,2.16MB / 1.09MB,55
1755873055.269245238,4ab2f4d499aa,multi-proxy1,315.28%,977.7MiB / 31.15GiB,3.07%,193MB / 14MB,1.9MB / 23.7MB,58
1755873055.269245238,f8cd685deea1,multi-proxy2,486.70%,1.107GiB / 31.15GiB,3.55%,244MB / 26.4MB,1.31MB / 101MB,54
1755873058.817086174,87ffcb507c59,multi-proxy0,196.06%,894.3MiB / 31.15GiB,2.80%,226MB / 6.08MB,2.16MB / 1.12MB,55
1755873058.817086174,4ab2f4d499aa,multi-proxy1,339.49%,981.1MiB / 31.15GiB,3.08%,194MB / 14.1MB,1.9MB / 24.1MB,58
1755873058.817086174,f8cd685deea1,multi-proxy2,564.42%,1.108GiB / 31.15GiB,3.56%,244MB / 26.6MB,1.31MB / 103MB,54
1755873062.363389358,87ffcb507c59,multi-proxy0,194.28%,937.3MiB / 31.15GiB,2.94%,226MB / 6.11MB,2.16MB / 1.15MB,55
1755873062.363389358,4ab2f4d499aa,multi-proxy1,395.14%,1023MiB / 31.15GiB,3.21%,195MB / 14.3MB,1.9MB / 24.5MB,58
1755873062.363389358,f8cd685deea1,multi-proxy2,599.18%,1.114GiB / 31.15GiB,3.57%,244MB / 26.8MB,1.31MB / 105MB,54
1755873065.918616266,87ffcb507c59,multi-proxy0,170.83%,894MiB / 31.15GiB,2.80%,226MB / 6.12MB,2.16MB / 1.17MB,55
1755873065.918616266,4ab2f4d499aa,multi-proxy1,429.04%,983.7MiB / 31.15GiB,3.08%,196MB / 14.3MB,1.9MB / 24.9MB,58
1755873065.918616266,f8cd685deea1,multi-proxy2,525.53%,1.116GiB / 31.15GiB,3.58%,244MB / 26.8MB,1.31MB / 107MB,54
1755873068.485911073,87ffcb507c59,multi-proxy0,198.11%,895.8MiB / 31.15GiB,2.81%,226MB / 6.14MB,2.16MB / 1.2MB,55
1755873068.485911073,4ab2f4d499aa,multi-proxy1,485.14%,986.5MiB / 31.15GiB,3.09%,197MB / 14.5MB,1.9MB / 25.6MB,58
1755873068.485911073,f8cd685deea1,multi-proxy2,465.11%,1.116GiB / 31.15GiB,3.58%,244MB / 27.1MB,1.31MB / 109MB,54
1755873072.038166960,87ffcb507c59,multi-proxy0,218.05%,937.8MiB / 31.15GiB,2.94%,226MB / 6.17MB,2.16MB / 1.23MB,55
1755873072.038166960,4ab2f4d499aa,multi-proxy1,391.29%,988.1MiB / 31.15GiB,3.10%,198MB / 14.6MB,1.9MB / 26MB,58
1755873072.038166960,f8cd685deea1,multi-proxy2,550.11%,1.117GiB / 31.15GiB,3.59%,244MB / 27.2MB,1.31MB / 112MB,54
1755873075.605365640,87ffcb507c59,multi-proxy0,182.03%,938.8MiB / 31.15GiB,2.94%,226MB / 6.35MB,2.16MB / 1.26MB,55
1755873075.605365640,4ab2f4d499aa,multi-proxy1,360.37%,1.008GiB / 31.15GiB,3.24%,199MB / 15MB,1.91MB / 27MB,58
1755873075.605365640,f8cd685deea1,multi-proxy2,594.25%,1.117GiB / 31.15GiB,3.59%,244MB / 27.5MB,1.31MB / 114MB,54
1755873079.178038539,87ffcb507c59,multi-proxy0,190.58%,895.1MiB / 31.15GiB,2.81%,226MB / 6.37MB,2.16MB / 1.29MB,55
1755873079.178038539,4ab2f4d499aa,multi-proxy1,374.58%,992.2MiB / 31.15GiB,3.11%,200MB / 15.1MB,1.91MB / 27.5MB,58
1755873079.178038539,f8cd685deea1,multi-proxy2,539.38%,1.116GiB / 31.15GiB,3.58%,244MB / 27.7MB,1.31MB / 116MB,54
1755873082.728528997,87ffcb507c59,multi-proxy0,164.10%,895.5MiB / 31.15GiB,2.81%,227MB / 6.4MB,2.16MB / 1.32MB,55
1755873082.728528997,4ab2f4d499aa,multi-proxy1,403.62%,995MiB / 31.15GiB,3.12%,201MB / 15.3MB,1.91MB / 28.3MB,58
1755873082.728528997,f8cd685deea1,multi-proxy2,520.71%,1.117GiB / 31.15GiB,3.59%,244MB / 27.8MB,1.31MB / 118MB,54
1755873086.275535062,87ffcb507c59,multi-proxy0,165.69%,895.5MiB / 31.15GiB,2.81%,227MB / 6.41MB,2.16MB / 1.34MB,55
1755873086.275535062,4ab2f4d499aa,multi-proxy1,480.51%,1.017GiB / 31.15GiB,3.26%,202MB / 15.6MB,1.91MB / 29.5MB,58
1755873086.275535062,f8cd685deea1,multi-proxy2,538.34%,1.119GiB / 31.15GiB,3.59%,244MB / 28.2MB,1.31MB / 121MB,54
1755873089.813907031,87ffcb507c59,multi-proxy0,191.01%,895.8MiB / 31.15GiB,2.81%,227MB / 6.61MB,2.16MB / 1.37MB,55
1755873089.813907031,4ab2f4d499aa,multi-proxy1,415.49%,1001MiB / 31.15GiB,3.14%,203MB / 15.8MB,1.91MB / 29.7MB,58
1755873089.813907031,f8cd685deea1,multi-proxy2,551.95%,1.119GiB / 31.15GiB,3.59%,244MB / 28.4MB,1.31MB / 123MB,54
1755873092.348390473,87ffcb507c59,multi-proxy0,160.77%,938.9MiB / 31.15GiB,2.94%,227MB / 6.71MB,2.16MB / 1.39MB,55
1755873092.348390473,4ab2f4d499aa,multi-proxy1,442.56%,1.023GiB / 31.15GiB,3.28%,204MB / 16MB,1.91MB / 30.5MB,58
1755873092.348390473,f8cd685deea1,multi-proxy2,494.87%,1.121GiB / 31.15GiB,3.60%,244MB / 28.5MB,1.31MB / 124MB,54
1755873095.908492228,87ffcb507c59,multi-proxy0,170.51%,938.1MiB / 31.15GiB,2.94%,227MB / 6.82MB,2.16MB / 1.43MB,55
1755873095.908492228,4ab2f4d499aa,multi-proxy1,378.22%,1.027GiB / 31.15GiB,3.30%,205MB / 16.3MB,1.91MB / 31.2MB,58
1755873095.908492228,f8cd685deea1,multi-proxy2,631.42%,1.12GiB / 31.15GiB,3.60%,245MB / 28.9MB,1.31MB / 126MB,54
1755873099.474465807,87ffcb507c59,multi-proxy0,149.22%,894.5MiB / 31.15GiB,2.80%,228MB / 6.84MB,2.16MB / 1.46MB,55
1755873099.474465807,4ab2f4d499aa,multi-proxy1,456.20%,1.028GiB / 31.15GiB,3.30%,206MB / 16.3MB,1.92MB / 31.8MB,58
1755873099.474465807,f8cd685deea1,multi-proxy2,562.76%,1.119GiB / 31.15GiB,3.59%,245MB / 29MB,1.31MB / 130MB,54
1755873103.030117880,87ffcb507c59,multi-proxy0,141.98%,894.2MiB / 31.15GiB,2.80%,228MB / 6.86MB,2.16MB / 1.48MB,55
1755873103.030117880,4ab2f4d499aa,multi-proxy1,537.30%,1.031GiB / 31.15GiB,3.31%,206MB / 16.4MB,1.92MB / 32.1MB,58
1755873103.030117880,f8cd685deea1,multi-proxy2,674.84%,1.121GiB / 31.15GiB,3.60%,245MB / 29.3MB,1.31MB / 135MB,54
1755873106.589791155,87ffcb507c59,multi-proxy0,140.90%,894.2MiB / 31.15GiB,2.80%,228MB / 7.02MB,2.16MB / 1.52MB,55
1755873106.589791155,4ab2f4d499aa,multi-proxy1,363.01%,1019MiB / 31.15GiB,3.20%,208MB / 16.6MB,1.92MB / 32.6MB,58
1755873106.589791155,f8cd685deea1,multi-proxy2,504.72%,1.121GiB / 31.15GiB,3.60%,245MB / 29.7MB,1.31MB / 137MB,54
1755873110.149020673,87ffcb507c59,multi-proxy0,158.24%,936.9MiB / 31.15GiB,2.94%,228MB / 7.04MB,2.16MB / 1.54MB,55
1755873110.149020673,4ab2f4d499aa,multi-proxy1,369.83%,1.041GiB / 31.15GiB,3.34%,209MB / 16.6MB,1.92MB / 32.9MB,58
1755873110.149020673,f8cd685deea1,multi-proxy2,500.45%,1.123GiB / 31.15GiB,3.61%,245MB / 29.9MB,1.32MB / 139MB,54
1755873113.704917284,87ffcb507c59,multi-proxy0,158.90%,893MiB / 31.15GiB,2.80%,228MB / 7.05MB,2.16MB / 1.56MB,55
1755873113.704917284,4ab2f4d499aa,multi-proxy1,317.88%,1.044GiB / 31.15GiB,3.35%,209MB / 16.7MB,1.92MB / 33.3MB,58
1755873113.704917284,f8cd685deea1,multi-proxy2,695.08%,1.122GiB / 31.15GiB,3.60%,245MB / 30MB,1.32MB / 143MB,54
1755873117.265894499,87ffcb507c59,multi-proxy0,166.96%,892.8MiB / 31.15GiB,2.80%,228MB / 7.23MB,2.16MB / 1.6MB,55
1755873117.265894499,4ab2f4d499aa,multi-proxy1,476.06%,1.004GiB / 31.15GiB,3.22%,210MB / 16.9MB,1.92MB / 33.7MB,58
1755873117.265894499,f8cd685deea1,multi-proxy2,503.56%,1.122GiB / 31.15GiB,3.60%,245MB / 30.3MB,1.32MB / 146MB,54
1755873120.807737066,87ffcb507c59,multi-proxy0,164.07%,935.8MiB / 31.15GiB,2.93%,228MB / 7.24MB,2.16MB / 1.62MB,55
1755873120.807737066,4ab2f4d499aa,multi-proxy1,397.70%,1.05GiB / 31.15GiB,3.37%,211MB / 16.9MB,1.92MB / 34MB,58
1755873120.807737066,f8cd685deea1,multi-proxy2,486.50%,1.122GiB / 31.15GiB,3.60%,245MB / 30.5MB,1.32MB / 148MB,54
1755873123.347917432,87ffcb507c59,multi-proxy0,159.84%,892.5MiB / 31.15GiB,2.80%,228MB / 7.29MB,2.16MB / 1.65MB,55
1755873123.347917432,4ab2f4d499aa,multi-proxy1,400.74%,1.007GiB / 31.15GiB,3.23%,211MB / 17MB,1.92MB / 34.2MB,58
1755873123.347917432,f8cd685deea1,multi-proxy2,645.45%,1.122GiB / 31.15GiB,3.60%,245MB / 30.8MB,1.32MB / 151MB,54
1755873126.903501135,87ffcb507c59,multi-proxy0,155.97%,935.5MiB / 31.15GiB,2.93%,228MB / 7.36MB,2.16MB / 1.67MB,55
1755873126.903501135,4ab2f4d499aa,multi-proxy1,400.99%,1.007GiB / 31.15GiB,3.23%,211MB / 17.2MB,1.92MB / 34.5MB,58
1755873126.903501135,f8cd685deea1,multi-proxy2,535.53%,1.129GiB / 31.15GiB,3.63%,245MB / 31.1MB,1.32MB / 156MB,54
1755873130.467152361,87ffcb507c59,multi-proxy0,161.92%,905.1MiB / 31.15GiB,2.84%,228MB / 7.37MB,2.16MB / 1.7MB,55
1755873130.467152361,4ab2f4d499aa,multi-proxy1,430.88%,1.051GiB / 31.15GiB,3.37%,212MB / 17.2MB,1.92MB / 34.7MB,58
1755873130.467152361,f8cd685deea1,multi-proxy2,516.20%,1.121GiB / 31.15GiB,3.60%,245MB / 31.3MB,1.32MB / 160MB,54
1755873133.031341548,87ffcb507c59,multi-proxy0,143.75%,934.7MiB / 31.15GiB,2.93%,228MB / 7.39MB,2.16MB / 1.72MB,55
1755873133.031341548,4ab2f4d499aa,multi-proxy1,353.84%,1.007GiB / 31.15GiB,3.23%,212MB / 17.3MB,1.92MB / 34.9MB,58
1755873133.031341548,f8cd685deea1,multi-proxy2,629.98%,1.121GiB / 31.15GiB,3.60%,245MB / 31.6MB,1.32MB / 163MB,54
1755873136.595614947,87ffcb507c59,multi-proxy0,165.96%,934.7MiB / 31.15GiB,2.93%,228MB / 7.51MB,2.16MB / 1.75MB,55
1755873136.595614947,4ab2f4d499aa,multi-proxy1,337.96%,1.007GiB / 31.15GiB,3.23%,212MB / 17.4MB,1.92MB / 35.2MB,58
1755873136.595614947,f8cd685deea1,multi-proxy2,530.76%,1.121GiB / 31.15GiB,3.60%,246MB / 31.8MB,1.32MB / 165MB,54
1755873140.146117344,87ffcb507c59,multi-proxy0,181.62%,891.7MiB / 31.15GiB,2.80%,228MB / 7.53MB,2.16MB / 1.78MB,56
1755873140.146117344,4ab2f4d499aa,multi-proxy1,317.00%,1.051GiB / 31.15GiB,3.38%,212MB / 17.5MB,1.93MB / 35.4MB,59
1755873140.146117344,f8cd685deea1,multi-proxy2,556.31%,1.129GiB / 31.15GiB,3.63%,246MB / 31.9MB,10.4MB / 168MB,55
1755873143.704600836,87ffcb507c59,multi-proxy0,162.14%,934.8MiB / 31.15GiB,2.93%,228MB / 7.66MB,2.16MB / 1.82MB,56
1755873143.704600836,4ab2f4d499aa,multi-proxy1,375.57%,1.052GiB / 31.15GiB,3.38%,213MB / 17.7MB,1.93MB / 35.7MB,59
1755873143.704600836,f8cd685deea1,multi-proxy2,588.16%,1.129GiB / 31.15GiB,3.63%,246MB / 32.2MB,10.4MB / 171MB,55
